HWG area;HWG length;HWG min rect;Contours count;Min contour length;Max contour length;Sum contour length;Avg contour length;Min contour area;Max contour area;Sum contour area;Avg contour area;Label;Filename
22287.0;619.0629361867905;31291.39230915159;0;3.4028235E38;0.0;0.0;0.0;3.4028235E38;0.0;0.0;0.0;prazdna_ruka;03_28_15_31_13_812.bin
23124.5;612.5266607999802;30646.02049823478;0;3.4028235E38;0.0;0.0;0.0;3.4028235E38;0.0;0.0;0.0;prazdna_ruka;03_28_15_31_13_858.bin
20589.5;562.4206303358078;26267.760112067335;0;3.4028235E38;0.0;0.0;0.0;3.4028235E38;0.0;0.0;0.0;prazdna_ruka;03_28_15_31_13_918.bin
19513.5;552.3597123622894;26101.136503474787;0;3.4028235E38;0.0;0.0;0.0;3.4028235E38;0.0;0.0;0.0;prazdna_ruka;03_28_15_31_13_947.bin
18481.0;527.879242181778;24276.30002843216;0;3.4028235E38;0.0;0.0;0.0;3.4028235E38;0.0;0.0;0.0;prazdna_ruka;03_28_15_31_13_971.bin
17983.0;513.822218298912;22708.70359805692;0;3.4028235E38;0.0;0.0;0.0;3.4028235E38;0.0;0.0;0.0;prazdna_ruka;03_28_15_31_14_011.bin
17803.0;513.5801057815552;21837.993545532692;0;3.4028235E38;0.0;0.0;0.0;3.4028235E38;0.0;0.0;0.0;prazdna_ruka;03_28_15_31_14_040.bin
17736.5;516.5774827003479;22372.0;0;3.4028235E38;0.0;0.0;0.0;3.4028235E38;0.0;0.0;0.0;prazdna_ruka;03_28_15_31_14_085.bin
18224.5;529.2506229877472;22749.457463912666;0;3.4028235E38;0.0;0.0;0.0;3.4028235E38;0.0;0.0;0.0;prazdna_ruka;03_28_15_31_14_136.bin
18333.5;536.5700993537903;22686.0;0;3.4028235E38;0.0;0.0;0.0;3.4028235E38;0.0;0.0;0.0;prazdna_ruka;03_28_15_31_14_190.bin
18225.5;541.4351828098297;22288.0;0;3.4028235E38;0.0;0.0;0.0;3.4028235E38;0.0;0.0;0.0;prazdna_ruka;03_28_15_31_14_233.bin
18074.5;539.8269546031952;22089.0;0;3.4028235E38;0.0;0.0;0.0;3.4028235E38;0.0;0.0;0.0;prazdna_ruka;03_28_15_31_14_270.bin
17652.5;533.2555820941925;21691.0;0;3.4028235E38;0.0;0.0;0.0;3.4028235E38;0.0;0.0;0.0;prazdna_ruka;03_28_15_31_14_293.bin
17440.0;529.705850481987;21582.0;0;3.4028235E38;0.0;0.0;0.0;3.4028235E38;0.0;0.0;0.0;prazdna_ruka;03_28_15_31_14_334.bin
15060.0;492.8999390602112;17870.044231199892;0;3.4028235E38;0.0;0.0;0.0;3.4028235E38;0.0;0.0;0.0;prazdna_ruka;03_28_15_31_21_069.bin
6540.5;306.8070023059845;7565.0;0;3.4028235E38;0.0;0.0;0.0;3.4028235E38;0.0;0.0;0.0;prazdna_ruka;03_28_15_31_21_304.bin
6222.0;299.1638894081116;7482.0;0;3.4028235E38;0.0;0.0;0.0;3.4028235E38;0.0;0.0;0.0;prazdna_ruka;03_28_15_31_22_127.bin
8848.0;354.9912338256836;10672.0;0;3.4028235E38;0.0;0.0;0.0;3.4028235E38;0.0;0.0;0.0;prazdna_ruka;03_28_15_31_22_146.bin
11119.5;409.3087605237961;13679.994903564919;0;3.4028235E38;0.0;0.0;0.0;3.4028235E38;0.0;0.0;0.0;prazdna_ruka;03_28_15_31_22_182.bin
13015.5;459.7289880514145;16731.0;0;3.4028235E38;0.0;0.0;0.0;3.4028235E38;0.0;0.0;0.0;prazdna_ruka;03_28_15_31_22_210.bin
15206.0;512.4040540456772;19556.622312515974;0;3.4028235E38;0.0;0.0;0.0;3.4028235E38;0.0;0.0;0.0;prazdna_ruka;03_28_15_31_22_238.bin
19181.5;547.9320285320282;23143.052919825073;0;3.4028235E38;0.0;0.0;0.0;3.4028235E38;0.0;0.0;0.0;prazdna_ruka;03_28_15_31_29_135.bin
8945.5;372.70269083976746;11957.986595810391;0;3.4028235E38;0.0;0.0;0.0;3.4028235E38;0.0;0.0;0.0;prazdna_ruka;03_28_15_32_02_796.bin
13413.5;450.1376314163208;17432.276515558362;0;3.4028235E38;0.0;0.0;0.0;3.4028235E38;0.0;0.0;0.0;prazdna_ruka;03_28_15_32_02_825.bin
16529.5;521.9719511270523;21248.6146631625;0;3.4028235E38;0.0;0.0;0.0;3.4028235E38;0.0;0.0;0.0;prazdna_ruka;03_28_15_32_02_860.bin
21098.0;600.1041452884674;27977.592134502484;0;3.4028235E38;0.0;0.0;0.0;3.4028235E38;0.0;0.0;0.0;prazdna_ruka;03_28_15_32_02_892.bin
7823.5;342.9349355697632;9657.0;0;3.4028235E38;0.0;0.0;0.0;3.4028235E38;0.0;0.0;0.0;prazdna_ruka;03_28_15_32_28_720.bin
10015.5;388.42616045475006;12353.995178223122;0;3.4028235E38;0.0;0.0;0.0;3.4028235E38;0.0;0.0;0.0;prazdna_ruka;03_28_15_32_28_761.bin
14513.0;501.14371371269226;18216.0;0;3.4028235E38;0.0;0.0;0.0;3.4028235E38;0.0;0.0;0.0;prazdna_ruka;03_28_15_32_28_798.bin
13240.5;480.3116799592972;15565.889918921632;0;3.4028235E38;0.0;0.0;0.0;3.4028235E38;0.0;0.0;0.0;prazdna_ruka;03_28_15_32_37_474.bin
9171.5;384.94891715049744;10773.0;0;3.4028235E38;0.0;0.0;0.0;3.4028235E38;0.0;0.0;0.0;prazdna_ruka;03_28_15_32_37_520.bin
7549.5;327.62368965148926;9639.296835574496;0;3.4028235E38;0.0;0.0;0.0;3.4028235E38;0.0;0.0;0.0;prazdna_ruka;03_28_15_34_30_590.bin
8302.5;347.62507379055023;10400.04019083362;0;3.4028235E38;0.0;0.0;0.0;3.4028235E38;0.0;0.0;0.0;prazdna_ruka;03_28_15_34_30_615.bin
9282.0;374.0882896184921;11547.58376610023;0;3.4028235E38;0.0;0.0;0.0;3.4028235E38;0.0;0.0;0.0;prazdna_ruka;03_28_15_34_30_654.bin
10202.5;403.2046227455139;12756.400352014694;0;3.4028235E38;0.0;0.0;0.0;3.4028235E38;0.0;0.0;0.0;prazdna_ruka;03_28_15_34_30_689.bin
11353.0;440.8732213973999;13966.80192160979;0;3.4028235E38;0.0;0.0;0.0;3.4028235E38;0.0;0.0;0.0;prazdna_ruka;03_28_15_34_30_729.bin
13548.5;489.3489603996277;16731.36761133047;0;3.4028235E38;0.0;0.0;0.0;3.4028235E38;0.0;0.0;0.0;prazdna_ruka;03_28_15_34_30_758.bin
17134.0;537.3460555076599;21160.17710987106;0;3.4028235E38;0.0;0.0;0.0;3.4028235E38;0.0;0.0;0.0;prazdna_ruka;03_28_15_34_32_444.bin
14768.0;508.1855880022049;17351.6883333812;0;3.4028235E38;0.0;0.0;0.0;3.4028235E38;0.0;0.0;0.0;prazdna_ruka;03_28_15_34_59_979.bin
11685.5;438.20983719825745;13803.033418132109;0;3.4028235E38;0.0;0.0;0.0;3.4028235E38;0.0;0.0;0.0;prazdna_ruka;03_28_15_35_00_041.bin
7661.5;328.9779225587845;9102.0;0;3.4028235E38;0.0;0.0;0.0;3.4028235E38;0.0;0.0;0.0;prazdna_ruka;03_28_15_35_00_070.bin
14412.5;522.4896442890167;18053.238410777412;0;3.4028235E38;0.0;0.0;0.0;3.4028235E38;0.0;0.0;0.0;prazdna_ruka;03_28_15_35_00_497.bin
21978.5;616.0040627717972;28911.755309881642;0;3.4028235E38;0.0;0.0;0.0;3.4028235E38;0.0;0.0;0.0;prazdna_ruka;03_28_15_35_05_068.bin
19411.5;572.7309281826019;25770.40196279646;0;3.4028235E38;0.0;0.0;0.0;3.4028235E38;0.0;0.0;0.0;prazdna_ruka;03_28_15_35_05_102.bin
18597.0;558.6565581560135;24752.66755376011;0;3.4028235E38;0.0;0.0;0.0;3.4028235E38;0.0;0.0;0.0;prazdna_ruka;03_28_15_35_05_149.bin
17772.5;547.797203540802;23227.237729456276;0;3.4028235E38;0.0;0.0;0.0;3.4028235E38;0.0;0.0;0.0;prazdna_ruka;03_28_15_35_05_197.bin
17394.5;547.2680861949921;22583.88658993598;0;3.4028235E38;0.0;0.0;0.0;3.4028235E38;0.0;0.0;0.0;prazdna_ruka;03_28_15_35_05_236.bin
28382.0;785.8286983966827;41880.113165882416;0;3.4028235E38;0.0;0.0;0.0;3.4028235E38;0.0;0.0;0.0;prazdna_ruka;03_28_15_35_10_615.bin
19472.0;640.0717924833298;31020.34242847259;0;3.4028235E38;0.0;0.0;0.0;3.4028235E38;0.0;0.0;0.0;prazdna_ruka;03_28_15_35_10_680.bin
16731.0;556.8984725475311;26827.924509883742;0;3.4028235E38;0.0;0.0;0.0;3.4028235E38;0.0;0.0;0.0;prazdna_ruka;03_28_15_35_10_713.bin
11577.0;418.91904067993164;15736.912000009674;0;3.4028235E38;0.0;0.0;0.0;3.4028235E38;0.0;0.0;0.0;prazdna_ruka;03_28_15_35_10_761.bin
9584.5;389.22452116012573;13425.92817007564;0;3.4028235E38;0.0;0.0;0.0;3.4028235E38;0.0;0.0;0.0;prazdna_ruka;03_28_15_35_21_705.bin
10889.0;424.9161400794983;15143.800287269056;0;3.4028235E38;0.0;0.0;0.0;3.4028235E38;0.0;0.0;0.0;prazdna_ruka;03_28_15_35_21_732.bin
12158.0;457.3692054748535;16816.894177683163;0;3.4028235E38;0.0;0.0;0.0;3.4028235E38;0.0;0.0;0.0;prazdna_ruka;03_28_15_35_21_782.bin
13455.0;490.87036299705505;18494.194384766044;0;3.4028235E38;0.0;0.0;0.0;3.4028235E38;0.0;0.0;0.0;prazdna_ruka;03_28_15_35_21_839.bin
14804.5;520.2920386791229;20121.275078125298;0;3.4028235E38;0.0;0.0;0.0;3.4028235E38;0.0;0.0;0.0;prazdna_ruka;03_28_15_35_21_876.bin
41391.0;807.5466201305389;55321.97937011905;4;31.313707;95.35534;277.33807;69.33452;10.0;56.5;126.0;31.5;ruka_se_zbozim;03_28_15_31_06_573.bin
40884.5;783.1807022094727;54253.81152079627;4;23.485281;140.15433;256.9239;64.23097;2.5;59.5;105.5;26.375;ruka_se_zbozim;03_28_15_31_06_600.bin
37983.5;755.8945106267929;50189.69978227466;2;81.1127;94.1127;175.2254;87.6127;23.0;49.0;72.0;36.0;ruka_se_zbozim;03_28_15_31_06_629.bin
34726.0;724.2896221876144;46074.67066363804;2;64.35534;236.88225;301.23758;150.61879;3.5;113.0;116.5;58.25;ruka_se_zbozim;03_28_15_31_06_659.bin
31322.5;692.1471525430679;41510.17074874649;3;34.656853;95.769554;206.36752;68.78918;10.0;25.0;55.5;18.5;ruka_se_zbozim;03_28_15_31_06_714.bin
28391.0;666.7057012319565;37158.421725492924;4;20.242641;166.91168;246.4386;61.60965;11.0;77.0;117.0;29.25;ruka_se_zbozim;03_28_15_31_06_763.bin
25456.0;642.0484981536865;32625.0;4;24.970562;81.1127;206.85281;51.713203;2.5;33.0;62.0;15.5;ruka_se_zbozim;03_28_15_31_06_792.bin
22940.0;625.3457787036896;28490.0;3;21.899494;80.1127;144.74011;48.246704;6.5;33.0;52.5;17.5;ruka_se_zbozim;03_28_15_31_06_840.bin
19924.5;603.0595083236694;24287.993209839333;3;73.970566;84.62742;243.05383;81.017944;8.0;30.0;66.0;22.0;ruka_se_zbozim;03_28_15_31_06_873.bin
17040.5;587.3585367202759;20500.0;3;22.071068;139.66905;184.88226;61.627422;6.0;37.5;58.0;19.333334;ruka_se_zbozim;03_28_15_31_06_907.bin
14496.0;566.7976559400558;17324.0;3;66.142136;133.76955;290.36752;96.78918;23.5;41.0;104.5;34.833332;ruka_se_zbozim;03_28_15_31_06_932.bin
11857.5;538.2405774593353;14460.0;4;25.485281;99.1127;205.2254;51.30635;1.0;97.0;123.0;30.75;ruka_se_zbozim;03_28_15_31_06_973.bin
8065.0;437.9841277599335;9843.0;2;20.313707;59.142136;79.45584;39.72792;3.0;5.0;8.0;4.0;ruka_se_zbozim;03_28_15_31_06_994.bin
31106.5;704.6812880039215;41039.9825134296;4;30.071068;217.50966;315.93607;78.98402;3.5;89.0;105.0;26.25;ruka_se_zbozim;03_28_15_31_10_362.bin
33674.5;724.9739973545074;44660.0;2;44.142136;205.85281;249.99495;124.997475;12.0;64.0;76.0;38.0;ruka_se_zbozim;03_28_15_31_10_762.bin
13868.5;461.425749540329;17784.0;0;3.4028235E38;0.0;0.0;0.0;3.4028235E38;0.0;0.0;0.0;ruka_se_zbozim;03_28_15_31_16_324.bin
9271.5;354.6656371355057;11503.882319654804;0;3.4028235E38;0.0;0.0;0.0;3.4028235E38;0.0;0.0;0.0;ruka_se_zbozim;03_28_15_31_16_371.bin
6856.0;314.5144342184067;8160.0;0;3.4028235E38;0.0;0.0;0.0;3.4028235E38;0.0;0.0;0.0;ruka_se_zbozim;03_28_15_31_16_392.bin
15425.5;499.4205882549286;19980.0;1;124.970566;124.970566;124.970566;124.970566;81.5;81.5;81.5;81.5;ruka_se_zbozim;03_28_15_31_24_469.bin
14457.0;476.69492423534393;18806.57666051411;1;123.55635;123.55635;123.55635;123.55635;69.0;69.0;69.0;69.0;ruka_se_zbozim;03_28_15_31_24_500.bin
13696.5;455.9936761856079;17808.0;1;118.38477;118.38477;118.38477;118.38477;96.5;96.5;96.5;96.5;ruka_se_zbozim;03_28_15_31_24_533.bin
12885.5;436.671563744545;16566.18120626686;1;116.38477;116.38477;116.38477;116.38477;53.0;53.0;53.0;53.0;ruka_se_zbozim;03_28_15_31_24_559.bin
12208.0;419.6403919458389;15429.0;1;115.79899;115.79899;115.79899;115.79899;53.0;53.0;53.0;53.0;ruka_se_zbozim;03_28_15_31_24_596.bin
11516.5;401.4517798423767;14245.64864167641;1;110.38477;110.38477;110.38477;110.38477;82.5;82.5;82.5;82.5;ruka_se_zbozim;03_28_15_31_24_625.bin
10783.5;384.5389357805252;12831.511952860688;1;111.04163;111.04163;111.04163;111.04163;39.5;39.5;39.5;39.5;ruka_se_zbozim;03_28_15_31_24_643.bin
10082.5;372.8091356754303;11685.64580214105;1;105.79899;105.79899;105.79899;105.79899;83.0;83.0;83.0;83.0;ruka_se_zbozim;03_28_15_31_24_723.bin
6925.5;318.01563835144043;8374.0;2;30.556349;41.899494;72.45584;36.22792;3.5;31.0;34.5;17.25;ruka_se_zbozim;03_28_15_31_27_162.bin
9845.0;370.61408817768097;11554.0;1;26.727922;26.727922;26.727922;26.727922;5.0;5.0;5.0;5.0;ruka_se_zbozim;03_28_15_31_27_222.bin
11106.5;392.689572930336;12978.929699276225;2;27.485281;49.62742;77.1127;38.55635;10.0;15.0;25.0;12.5;ruka_se_zbozim;03_28_15_31_27_255.bin
11916.5;412.75064301490784;14482.542610551696;3;27.727922;50.72792;111.18376;37.061253;2.5;7.5;14.5;4.8333335;ruka_se_zbozim;03_28_15_31_27_302.bin
12833.5;436.1608394384384;15939.238859601552;1;62.28427;62.28427;62.28427;62.28427;9.5;9.5;9.5;9.5;ruka_se_zbozim;03_28_15_31_27_357.bin
14916.5;490.5274769067764;19031.941015666234;1;127.04163;127.04163;127.04163;127.04163;33.5;33.5;33.5;33.5;ruka_se_zbozim;03_28_15_31_27_397.bin
11718.0;459.920382976532;14427.312991995597;0;3.4028235E38;0.0;0.0;0.0;3.4028235E38;0.0;0.0;0.0;ruka_se_zbozim;03_28_15_31_31_270.bin
10320.5;419.6863989830017;12917.94422875857;0;3.4028235E38;0.0;0.0;0.0;3.4028235E38;0.0;0.0;0.0;ruka_se_zbozim;03_28_15_31_31_314.bin
9049.0;384.5490643978119;11313.476429660805;0;3.4028235E38;0.0;0.0;0.0;3.4028235E38;0.0;0.0;0.0;ruka_se_zbozim;03_28_15_31_31_337.bin
8006.0;356.29607462882996;9988.39972099755;0;3.4028235E38;0.0;0.0;0.0;3.4028235E38;0.0;0.0;0.0;ruka_se_zbozim;03_28_15_31_31_363.bin
7546.0;356.53131878376007;10711.130007702392;1;41.627415;41.627415;41.627415;41.627415;7.0;7.0;7.0;7.0;ruka_se_zbozim;03_28_15_31_31_392.bin
5640.0;300.08994472026825;7756.764052227372;0;3.4028235E38;0.0;0.0;0.0;3.4028235E38;0.0;0.0;0.0;ruka_se_zbozim;03_28_15_31_31_428.bin
4203.5;260.0131343603134;6108.452950702631;0;3.4028235E38;0.0;0.0;0.0;3.4028235E38;0.0;0.0;0.0;ruka_se_zbozim;03_28_15_31_31_466.bin
3326.5;240.17688357830048;4896.0;0;3.4028235E38;0.0;0.0;0.0;3.4028235E38;0.0;0.0;0.0;ruka_se_zbozim;03_28_15_31_31_499.bin
7656.0;344.4061424732208;10742.110780873918;0;3.4028235E38;0.0;0.0;0.0;3.4028235E38;0.0;0.0;0.0;ruka_se_zbozim;03_28_15_31_33_838.bin
9401.5;382.67438304424286;12967.272862460813;1;46.213203;46.213203;46.213203;46.213203;17.5;17.5;17.5;17.5;ruka_se_zbozim;03_28_15_31_33_881.bin
9545.0;386.5645053386688;12997.395082156523;1;46.112698;46.112698;46.112698;46.112698;7.0;7.0;7.0;7.0;ruka_se_zbozim;03_28_15_31_33_937.bin
11809.5;436.0040910243988;15486.391674216138;1;129.88225;129.88225;129.88225;129.88225;27.0;27.0;27.0;27.0;ruka_se_zbozim;03_28_15_31_33_981.bin
12175.0;448.6522754430771;16133.824077144964;1;48.698483;48.698483;48.698483;48.698483;6.5;6.5;6.5;6.5;ruka_se_zbozim;03_28_15_31_34_028.bin
14538.5;509.09180903434753;18882.54343493795;2;21.485281;128.2254;149.71068;74.85534;0.0;43.0;43.0;21.5;ruka_se_zbozim;03_28_15_31_34_136.bin
11606.5;429.46900820732117;15702.644604550791;0;3.4028235E38;0.0;0.0;0.0;3.4028235E38;0.0;0.0;0.0;ruka_se_zbozim;03_28_15_31_40_588.bin
12755.5;459.15763211250305;16951.613822340034;0;3.4028235E38;0.0;0.0;0.0;3.4028235E38;0.0;0.0;0.0;ruka_se_zbozim;03_28_15_31_40_644.bin
13330.0;473.11711370944977;17640.498602704145;0;3.4028235E38;0.0;0.0;0.0;3.4028235E38;0.0;0.0;0.0;ruka_se_zbozim;03_28_15_31_40_683.bin
14484.5;499.83466613292694;17949.0;0;3.4028235E38;0.0;0.0;0.0;3.4028235E38;0.0;0.0;0.0;ruka_se_zbozim;03_28_15_31_45_175.bin
12719.0;457.3993122577667;16231.297235787031;0;3.4028235E38;0.0;0.0;0.0;3.4028235E38;0.0;0.0;0.0;ruka_se_zbozim;03_28_15_31_45_226.bin
11863.5;437.46510422229767;15417.832032499835;0;3.4028235E38;0.0;0.0;0.0;3.4028235E38;0.0;0.0;0.0;ruka_se_zbozim;03_28_15_31_45_269.bin
10687.0;404.21300649642944;13847.21238103765;0;3.4028235E38;0.0;0.0;0.0;3.4028235E38;0.0;0.0;0.0;ruka_se_zbozim;03_28_15_31_45_294.bin
9969.0;385.47535955905914;12968.271944324952;0;3.4028235E38;0.0;0.0;0.0;3.4028235E38;0.0;0.0;0.0;ruka_se_zbozim;03_28_15_31_45_321.bin
9441.0;370.36214232444763;12369.0;0;3.4028235E38;0.0;0.0;0.0;3.4028235E38;0.0;0.0;0.0;ruka_se_zbozim;03_28_15_31_45_363.bin
8849.5;354.3863003253937;11706.958641763777;0;3.4028235E38;0.0;0.0;0.0;3.4028235E38;0.0;0.0;0.0;ruka_se_zbozim;03_28_15_31_45_398.bin
8344.5;339.6394045352936;10899.226858815411;0;3.4028235E38;0.0;0.0;0.0;3.4028235E38;0.0;0.0;0.0;ruka_se_zbozim;03_28_15_31_45_434.bin
7911.5;328.43245577812195;10246.0;0;3.4028235E38;0.0;0.0;0.0;3.4028235E38;0.0;0.0;0.0;ruka_se_zbozim;03_28_15_31_45_479.bin
7432.5;317.8304092884064;9494.0;0;3.4028235E38;0.0;0.0;0.0;3.4028235E38;0.0;0.0;0.0;ruka_se_zbozim;03_28_15_31_45_516.bin
6928.0;306.92487823963165;8649.0;0;3.4028235E38;0.0;0.0;0.0;3.4028235E38;0.0;0.0;0.0;ruka_se_zbozim;03_28_15_31_45_557.bin
6382.5;296.0083796977997;8084.0;0;3.4028235E38;0.0;0.0;0.0;3.4028235E38;0.0;0.0;0.0;ruka_se_zbozim;03_28_15_31_45_585.bin
9169.0;359.4989387989044;12135.297158951289;0;3.4028235E38;0.0;0.0;0.0;3.4028235E38;0.0;0.0;0.0;ruka_se_zbozim;03_28_15_31_48_625.bin
9675.5;373.6669669151306;12784.437384129502;0;3.4028235E38;0.0;0.0;0.0;3.4028235E38;0.0;0.0;0.0;ruka_se_zbozim;03_28_15_31_48_693.bin
10202.0;387.74875235557556;13509.537709314376;0;3.4028235E38;0.0;0.0;0.0;3.4028235E38;0.0;0.0;0.0;ruka_se_zbozim;03_28_15_31_48_753.bin
10760.5;403.0000749826431;14328.105384770315;0;3.4028235E38;0.0;0.0;0.0;3.4028235E38;0.0;0.0;0.0;ruka_se_zbozim;03_28_15_31_48_808.bin
10999.0;409.30720591545105;14590.498036250472;0;3.4028235E38;0.0;0.0;0.0;3.4028235E38;0.0;0.0;0.0;ruka_se_zbozim;03_28_15_31_48_869.bin
11654.0;425.29520654678345;15352.689513299614;0;3.4028235E38;0.0;0.0;0.0;3.4028235E38;0.0;0.0;0.0;ruka_se_zbozim;03_28_15_31_48_931.bin
12136.5;438.3693256378174;15952.986264520558;0;3.4028235E38;0.0;0.0;0.0;3.4028235E38;0.0;0.0;0.0;ruka_se_zbozim;03_28_15_31_48_983.bin
20238.0;579.2360670566559;29153.58007098618;0;3.4028235E38;0.0;0.0;0.0;3.4028235E38;0.0;0.0;0.0;ruka_se_zbozim;03_28_15_31_54_212.bin
19110.5;557.4387242794037;27578.023342349567;0;3.4028235E38;0.0;0.0;0.0;3.4028235E38;0.0;0.0;0.0;ruka_se_zbozim;03_28_15_31_54_237.bin
17925.5;534.3193414211273;25839.72938432009;0;3.4028235E38;0.0;0.0;0.0;3.4028235E38;0.0;0.0;0.0;ruka_se_zbozim;03_28_15_31_54_263.bin
15799.5;495.7956312894821;22785.0;0;3.4028235E38;0.0;0.0;0.0;3.4028235E38;0.0;0.0;0.0;ruka_se_zbozim;03_28_15_31_54_349.bin
13700.5;459.87477481365204;19278.0;0;3.4028235E38;0.0;0.0;0.0;3.4028235E38;0.0;0.0;0.0;ruka_se_zbozim;03_28_15_31_54_411.bin
19447.5;553.35184943676;25207.67942020623;0;3.4028235E38;0.0;0.0;0.0;3.4028235E38;0.0;0.0;0.0;ruka_se_zbozim;03_28_15_31_57_524.bin
23064.0;601.4319101572037;27859.989654541947;1;30.071068;30.071068;30.071068;30.071068;13.5;13.5;13.5;13.5;ruka_se_zbozim;03_28_15_31_59_777.bin
23393.0;598.0592656135559;28141.284988764673;2;53.55635;108.941124;162.49747;81.24873;11.0;17.0;28.0;14.0;ruka_se_zbozim;03_28_15_31_59_798.bin
23974.0;606.8228740692139;28542.844325388316;3;27.071068;128.91168;242.50967;80.836555;8.0;26.5;44.0;14.666667;ruka_se_zbozim;03_28_15_31_59_849.bin
24629.0;622.4479756355286;28876.953552074963;3;20.485281;184.88225;350.10767;116.70255;16.0;36.0;75.0;25.0;ruka_se_zbozim;03_28_15_31_59_884.bin
23530.0;612.6759445667267;27311.13548334688;4;28.071068;239.39697;625.01935;156.25484;31.5;79.0;217.5;54.375;ruka_se_zbozim;03_28_15_31_59_916.bin
16887.0;516.0121031999588;24067.91377571132;6;23.899494;62.84062;256.1493;42.691547;4.5;11.5;50.0;8.333333;ruka_se_zbozim;03_28_15_32_04_380.bin
9858.5;411.67319989204407;15290.0;3;30.142136;95.59798;176.85281;58.95094;7.0;31.5;50.0;16.666666;ruka_se_zbozim;03_28_15_32_04_437.bin
17426.0;544.6126835346222;22636.96082126815;4;35.55635;211.94113;460.95334;115.238335;4.0;155.5;282.5;70.625;ruka_se_zbozim;03_28_15_32_07_924.bin
16680.5;536.5672477483749;23535.17489322927;2;80.55635;283.56854;364.12488;182.06244;33.5;77.0;110.5;55.25;ruka_se_zbozim;03_28_15_32_07_985.bin
11226.0;474.3485531806946;15522.0;2;20.242641;296.66904;316.91168;158.45584;1.5;225.5;227.0;113.5;ruka_se_zbozim;03_28_15_32_11_211.bin
10285.5;484.2663402557373;13930.0;2;33.071068;136.2132;169.28427;84.642136;12.5;81.5;94.0;47.0;ruka_se_zbozim;03_28_15_32_11_259.bin
10186.0;478.6115700006485;13134.0;2;41.656853;109.313705;150.97055;75.485275;6.5;62.5;69.0;34.5;ruka_se_zbozim;03_28_15_32_11_310.bin
22507.5;584.0517153739929;26467.0;3;20.656855;160.2132;313.56854;104.52285;0.0;110.5;133.0;44.333332;ruka_se_zbozim;03_28_15_32_16_400.bin
22183.5;578.129997253418;26467.0;3;24.656855;129.2132;253.08325;84.361084;10.0;33.0;60.5;20.166666;ruka_se_zbozim;03_28_15_32_16_421.bin
22151.5;577.4739335775375;26467.0;3;26.071068;99.55635;197.18378;65.72793;3.5;44.0;67.5;22.5;ruka_se_zbozim;03_28_15_32_16_445.bin
43584.5;850.1245838403702;56118.0;3;37.31371;275.31372;511.56857;170.52286;34.5;297.0;421.5;140.5;ruka_se_zbozim;03_28_15_32_20_965.bin
42721.0;830.4450379610062;55220.46636723541;3;29.313707;326.66904;558.9239;186.30797;22.0;205.5;314.5;104.833336;ruka_se_zbozim;03_28_15_32_20_993.bin
41081.0;811.8051800727844;53456.23656894732;3;24.485281;316.18378;544.196;181.39867;13.5;176.5;249.5;83.166664;ruka_se_zbozim;03_28_15_32_21_055.bin
38927.5;792.4938950538635;49959.0;3;22.485281;317.91168;543.6813;181.2271;13.5;115.0;208.5;69.5;ruka_se_zbozim;03_28_15_32_21_084.bin
26208.5;650.5177339315414;30258.0;4;75.28427;446.29648;748.7351;187.18378;24.0;146.5;286.5;71.625;ruka_se_zbozim;03_28_15_32_24_585.bin
27265.5;659.5693813562393;31734.0;3;137.01219;457.5391;764.22034;254.74011;64.5;210.5;354.5;118.166664;ruka_se_zbozim;03_28_15_32_24_637.bin
28564.5;674.0783766508102;33480.0;4;37.899494;464.9533;796.6345;199.15863;25.0;291.5;648.0;162.0;ruka_se_zbozim;03_28_15_32_24_702.bin
38335.0;784.6463884115219;47816.0;3;122.42641;487.02438;838.0193;279.33975;61.5;228.0;382.5;127.5;ruka_se_zbozim;03_28_15_32_24_912.bin
10555.0;408.8609194755554;12789.0;0;3.4028235E38;0.0;0.0;0.0;3.4028235E38;0.0;0.0;0.0;ruka_se_zbozim;03_28_15_32_30_639.bin
8870.0;360.92972469329834;10701.0;0;3.4028235E38;0.0;0.0;0.0;3.4028235E38;0.0;0.0;0.0;ruka_se_zbozim;03_28_15_32_30_674.bin
7982.5;337.65235567092896;9657.0;0;3.4028235E38;0.0;0.0;0.0;3.4028235E38;0.0;0.0;0.0;ruka_se_zbozim;03_28_15_32_30_729.bin
7216.5;319.19864189624786;8613.0;0;3.4028235E38;0.0;0.0;0.0;3.4028235E38;0.0;0.0;0.0;ruka_se_zbozim;03_28_15_32_30_758.bin
9014.5;350.566442489624;11413.0;1;29.142136;29.142136;29.142136;29.142136;6.0;6.0;6.0;6.0;ruka_se_zbozim;03_28_15_32_35_077.bin
9425.0;360.816957116127;12138.0;0;3.4028235E38;0.0;0.0;0.0;3.4028235E38;0.0;0.0;0.0;ruka_se_zbozim;03_28_15_32_35_099.bin
9755.5;370.31794714927673;12625.0;1;24.31371;24.31371;24.31371;24.31371;0.0;0.0;0.0;0.0;ruka_se_zbozim;03_28_15_32_35_124.bin
10233.5;382.30090403556824;13459.910999492859;0;3.4028235E38;0.0;0.0;0.0;3.4028235E38;0.0;0.0;0.0;ruka_se_zbozim;03_28_15_32_35_166.bin
10618.0;392.89826691150665;14068.607716644416;0;3.4028235E38;0.0;0.0;0.0;3.4028235E38;0.0;0.0;0.0;ruka_se_zbozim;03_28_15_32_35_208.bin
11050.0;404.85716009140015;14443.0;0;3.4028235E38;0.0;0.0;0.0;3.4028235E38;0.0;0.0;0.0;ruka_se_zbozim;03_28_15_32_35_266.bin
13385.0;482.9302773475647;16045.80184902763;1;60.970562;60.970562;60.970562;60.970562;21.5;21.5;21.5;21.5;ruka_se_zbozim;03_28_15_32_41_020.bin
13185.0;476.43382012844086;15738.0;2;37.213203;54.970562;92.18376;46.09188;5.0;25.5;30.5;15.25;ruka_se_zbozim;03_28_15_32_41_056.bin
12965.0;468.6393735408783;15486.0;2;24.556349;48.970562;73.52691;36.763454;2.5;35.5;38.0;19.0;ruka_se_zbozim;03_28_15_32_41_112.bin
12643.5;460.83747363090515;14878.0;1;67.870056;67.870056;67.870056;67.870056;12.5;12.5;12.5;12.5;ruka_se_zbozim;03_28_15_32_41_177.bin
12201.0;447.3210699558258;14441.994812012184;1;29.242641;29.242641;29.242641;29.242641;8.5;8.5;8.5;8.5;ruka_se_zbozim;03_28_15_32_41_200.bin
12057.5;442.60379207134247;14432.0;1;69.2132;69.2132;69.2132;69.2132;43.0;43.0;43.0;43.0;ruka_se_zbozim;03_28_15_32_41_217.bin
11810.5;435.8653635978699;14168.0;1;57.79899;57.79899;57.79899;57.79899;9.5;9.5;9.5;9.5;ruka_se_zbozim;03_28_15_32_41_258.bin
11655.0;430.08376145362854;14062.0;2;35.384777;38.31371;73.69849;36.849243;2.0;3.5;5.5;2.75;ruka_se_zbozim;03_28_15_32_41_283.bin
11340.0;423.26558470726013;13706.0;1;91.1127;91.1127;91.1127;91.1127;20.0;20.0;20.0;20.0;ruka_se_zbozim;03_28_15_32_41_339.bin
11188.0;418.89342308044434;13706.0;1;76.1127;76.1127;76.1127;76.1127;44.0;44.0;44.0;44.0;ruka_se_zbozim;03_28_15_32_41_378.bin
10989.0;413.1319385766983;13679.994934082497;1;41.384777;41.384777;41.384777;41.384777;4.5;4.5;4.5;4.5;ruka_se_zbozim;03_28_15_32_41_400.bin
10691.0;405.48280799388885;13650.0;1;25.31371;25.31371;25.31371;25.31371;2.0;2.0;2.0;2.0;ruka_se_zbozim;03_28_15_32_41_442.bin
10524.5;399.59421944618225;13286.0;1;37.899494;37.899494;37.899494;37.899494;13.0;13.0;13.0;13.0;ruka_se_zbozim;03_28_15_32_41_502.bin
10083.0;388.75005197525024;13206.0;1;57.142136;57.142136;57.142136;57.142136;23.0;23.0;23.0;23.0;ruka_se_zbozim;03_28_15_32_41_520.bin
9741.0;380.82159543037415;12927.0;1;41.142136;41.142136;41.142136;41.142136;16.0;16.0;16.0;16.0;ruka_se_zbozim;03_28_15_32_41_557.bin
13667.0;506.6858263015747;18391.676194167696;0;3.4028235E38;0.0;0.0;0.0;3.4028235E38;0.0;0.0;0.0;ruka_se_zbozim;03_28_15_32_53_795.bin
13297.0;498.0044243335724;18073.49015690852;0;3.4028235E38;0.0;0.0;0.0;3.4028235E38;0.0;0.0;0.0;ruka_se_zbozim;03_28_15_32_53_855.bin
12848.5;487.5309979915619;17655.523724503815;0;3.4028235E38;0.0;0.0;0.0;3.4028235E38;0.0;0.0;0.0;ruka_se_zbozim;03_28_15_32_53_888.bin
10983.0;411.78430247306824;13726.01024018228;0;3.4028235E38;0.0;0.0;0.0;3.4028235E38;0.0;0.0;0.0;ruka_se_zbozim;03_28_15_32_57_784.bin
11476.0;427.80929124355316;14312.865836560959;0;3.4028235E38;0.0;0.0;0.0;3.4028235E38;0.0;0.0;0.0;ruka_se_zbozim;03_28_15_32_57_837.bin
11813.0;437.28956055641174;14587.648435809067;0;3.4028235E38;0.0;0.0;0.0;3.4028235E38;0.0;0.0;0.0;ruka_se_zbozim;03_28_15_32_57_887.bin
12433.5;454.59770715236664;15230.083308359724;0;3.4028235E38;0.0;0.0;0.0;3.4028235E38;0.0;0.0;0.0;ruka_se_zbozim;03_28_15_32_57_943.bin
7701.0;348.9419701099396;9398.11884676572;0;3.4028235E38;0.0;0.0;0.0;3.4028235E38;0.0;0.0;0.0;ruka_se_zbozim;03_28_15_33_01_523.bin
7453.5;338.80636608600616;8911.87190650095;0;3.4028235E38;0.0;0.0;0.0;3.4028235E38;0.0;0.0;0.0;ruka_se_zbozim;03_28_15_33_01_565.bin
6546.5;309.96940183639526;7810.997253418202;0;3.4028235E38;0.0;0.0;0.0;3.4028235E38;0.0;0.0;0.0;ruka_se_zbozim;03_28_15_33_01_606.bin
6081.0;296.2859101295471;7400.0;0;3.4028235E38;0.0;0.0;0.0;3.4028235E38;0.0;0.0;0.0;ruka_se_zbozim;03_28_15_33_01_635.bin
5749.0;301.328786611557;8140.0;0;3.4028235E38;0.0;0.0;0.0;3.4028235E38;0.0;0.0;0.0;ruka_se_zbozim;03_28_15_33_01_672.bin
4970.5;265.71686458587646;6204.997589111561;0;3.4028235E38;0.0;0.0;0.0;3.4028235E38;0.0;0.0;0.0;ruka_se_zbozim;03_28_15_33_01_708.bin
10041.5;437.0565679073334;15700.540111222654;1;26.213203;26.213203;26.213203;26.213203;5.5;5.5;5.5;5.5;ruka_se_zbozim;03_28_15_33_05_815.bin
9669.5;434.24354219436646;15156.225983332843;0;3.4028235E38;0.0;0.0;0.0;3.4028235E38;0.0;0.0;0.0;ruka_se_zbozim;03_28_15_33_05_862.bin
6090.0;293.42484414577484;7386.4412421913585;0;3.4028235E38;0.0;0.0;0.0;3.4028235E38;0.0;0.0;0.0;ruka_se_zbozim;03_28_15_33_05_882.bin
11175.0;464.2643188238144;16564.6595063695;1;35.213203;35.213203;35.213203;35.213203;9.0;9.0;9.0;9.0;ruka_se_zbozim;03_28_15_33_05_933.bin
12405.5;486.6527751684189;16967.818199334666;1;66.35534;66.35534;66.35534;66.35534;7.5;7.5;7.5;7.5;ruka_se_zbozim;03_28_15_33_05_964.bin
11821.5;483.2883288860321;16959.89235435694;1;21.313707;21.313707;21.313707;21.313707;2.0;2.0;2.0;2.0;ruka_se_zbozim;03_28_15_33_05_998.bin
14707.0;489.10835349559784;17568.0;0;3.4028235E38;0.0;0.0;0.0;3.4028235E38;0.0;0.0;0.0;ruka_se_zbozim;03_28_15_33_11_267.bin
14351.0;478.29464399814606;17363.0;0;3.4028235E38;0.0;0.0;0.0;3.4028235E38;0.0;0.0;0.0;ruka_se_zbozim;03_28_15_33_11_320.bin
13734.5;465.21939039230347;16856.0;0;3.4028235E38;0.0;0.0;0.0;3.4028235E38;0.0;0.0;0.0;ruka_se_zbozim;03_28_15_33_11_356.bin
13313.5;454.352516412735;16533.0;0;3.4028235E38;0.0;0.0;0.0;3.4028235E38;0.0;0.0;0.0;ruka_se_zbozim;03_28_15_33_11_386.bin
13322.5;449.5503776073456;16160.0;0;3.4028235E38;0.0;0.0;0.0;3.4028235E38;0.0;0.0;0.0;ruka_se_zbozim;03_28_15_33_11_431.bin
12836.5;436.449590921402;15453.0;0;3.4028235E38;0.0;0.0;0.0;3.4028235E38;0.0;0.0;0.0;ruka_se_zbozim;03_28_15_33_11_463.bin
12204.5;445.18613827228546;14176.6194512418;1;30.384775;30.384775;30.384775;30.384775;7.0;7.0;7.0;7.0;ruka_se_zbozim;03_28_15_33_16_166.bin
12448.5;452.6296730041504;14767.556240022182;1;34.970562;34.970562;34.970562;34.970562;6.5;6.5;6.5;6.5;ruka_se_zbozim;03_28_15_33_16_209.bin
13068.0;472.10946130752563;15440.118577149697;1;38.79899;38.79899;38.79899;38.79899;6.0;6.0;6.0;6.0;ruka_se_zbozim;03_28_15_33_16_265.bin
9443.0;375.51612293720245;11696.0;0;3.4028235E38;0.0;0.0;0.0;3.4028235E38;0.0;0.0;0.0;ruka_se_zbozim;03_28_15_33_19_436.bin
8874.5;360.3093991279602;10922.0;0;3.4028235E38;0.0;0.0;0.0;3.4028235E38;0.0;0.0;0.0;ruka_se_zbozim;03_28_15_33_19_478.bin
8921.5;369.2168062925339;11378.545054452843;1;20.656855;20.656855;20.656855;20.656855;15.0;15.0;15.0;15.0;ruka_se_zbozim;03_28_15_33_19_510.bin
7915.0;337.6811399459839;9546.0;0;3.4028235E38;0.0;0.0;0.0;3.4028235E38;0.0;0.0;0.0;ruka_se_zbozim;03_28_15_33_19_552.bin
8599.0;347.8367826938629;10828.99679565453;0;3.4028235E38;0.0;0.0;0.0;3.4028235E38;0.0;0.0;0.0;ruka_se_zbozim;03_28_15_33_22_602.bin
12262.5;413.9271173477173;15572.479789948091;1;34.899494;34.899494;34.899494;34.899494;30.5;30.5;30.5;30.5;ruka_se_zbozim;03_28_15_33_26_112.bin
9991.5;369.5686128139496;12190.0;1;46.455845;46.455845;46.455845;46.455845;12.0;12.0;12.0;12.0;ruka_se_zbozim;03_28_15_33_26_179.bin
16131.0;492.35005927085876;20650.0;1;153.35533;153.35533;153.35533;153.35533;123.0;123.0;123.0;123.0;ruka_se_zbozim;03_28_15_33_28_883.bin
31981.5;676.0053931474686;35621.0;6;39.31371;215.48528;557.6813;92.94688;4.0;183.0;323.5;53.916668;ruka_se_zbozim;03_28_15_33_32_424.bin
17178.0;539.5965521335602;20868.0;3;40.899494;256.52692;455.7107;151.90356;13.5;118.0;179.5;59.833332;ruka_se_zbozim;03_28_15_33_35_924.bin
18315.0;558.5113127231598;22064.0;3;74.970566;277.18378;505.4386;168.47954;45.0;97.5;191.5;63.833332;ruka_se_zbozim;03_28_15_33_35_948.bin
19831.5;583.0618718862534;27319.421288498677;1;23.899494;23.899494;23.899494;23.899494;7.5;7.5;7.5;7.5;ruka_se_zbozim;03_28_15_33_40_217.bin
19101.5;517.6689817905426;25085.0;4;28.384775;218.05382;456.90662;114.226654;4.5;277.0;336.0;84.0;ruka_se_zbozim;03_28_15_33_42_620.bin
14275.5;441.5484082698822;17280.0;2;56.55635;71.52691;128.08325;64.041626;15.5;47.5;63.0;31.5;ruka_se_zbozim;03_28_15_33_44_895.bin
35529.0;746.2622666358948;45315.3355286615;6;33.31371;139.35533;547.26196;91.21033;3.5;63.0;215.5;35.916668;ruka_se_zbozim;03_28_15_33_51_112.bin
20236.5;530.5290890932083;25544.752040848136;0;3.4028235E38;0.0;0.0;0.0;3.4028235E38;0.0;0.0;0.0;ruka_se_zbozim;03_28_15_33_55_167.bin
27386.5;610.5765163898468;35027.94233153295;2;107.396965;338.42136;445.81833;222.90916;15.0;178.0;193.0;96.5;ruka_se_zbozim;03_28_15_34_00_315.bin
37531.5;848.5310142040253;47516.21081390418;2;117.45584;189.25484;306.7107;153.35535;31.5;47.0;78.5;39.25;ruka_se_zbozim;03_28_15_34_06_537.bin
26430.0;638.99149954319;34781.28254570067;2;28.899494;71.79899;100.69849;50.349243;4.5;28.5;33.0;16.5;ruka_se_zbozim;03_28_15_34_09_847.bin
7428.5;322.9032576084137;8787.0;1;40.142136;40.142136;40.142136;40.142136;35.0;35.0;35.0;35.0;ruka_se_zbozim;03_28_15_34_14_040.bin
10520.0;402.52748107910156;13460.360502084717;0;3.4028235E38;0.0;0.0;0.0;3.4028235E38;0.0;0.0;0.0;ruka_se_zbozim;03_28_15_34_19_242.bin
21702.0;563.2547283172607;27181.48962784675;0;3.4028235E38;0.0;0.0;0.0;3.4028235E38;0.0;0.0;0.0;ruka_se_zbozim;03_28_15_34_25_029.bin
25650.5;668.3103556632996;35952.24474977609;1;42.72792;42.72792;42.72792;42.72792;21.5;21.5;21.5;21.5;ruka_se_zbozim;03_28_15_34_40_202.bin
26590.5;613.5314483642578;34380.0;2;45.55635;76.18376;121.74011;60.870056;14.0;16.0;30.0;15.0;ruka_se_zbozim;03_28_15_34_41_546.bin
13024.5;426.73641788959503;16302.0;1;66.35534;66.35534;66.35534;66.35534;4.5;4.5;4.5;4.5;ruka_se_zbozim;03_28_15_34_50_494.bin
14223.0;517.4694375991821;20825.62494212226;1;186.02438;186.02438;186.02438;186.02438;30.5;30.5;30.5;30.5;ruka_se_zbozim;03_28_15_35_01_905.bin
12115.5;475.82357454299927;18756.448370739818;1;195.7523;195.7523;195.7523;195.7523;47.5;47.5;47.5;47.5;ruka_se_zbozim;03_28_15_35_02_017.bin
18333.5;545.944829583168;26713.757735683583;3;23.727922;58.04163;116.91168;38.970562;5.0;15.0;25.5;8.5;ruka_se_zbozim;03_28_15_35_06_899.bin
12972.5;465.49464178085327;16642.381674146745;1;70.28427;70.28427;70.28427;70.28427;14.0;14.0;14.0;14.0;ruka_se_zbozim;03_28_15_35_13_075.bin
12311.5;448.7078263759613;16022.943871673197;1;43.72792;43.72792;43.72792;43.72792;10.5;10.5;10.5;10.5;ruka_se_zbozim;03_28_15_35_13_111.bin
11651.0;433.06873965263367;15680.56565067172;1;21.071068;21.071068;21.071068;21.071068;2.0;2.0;2.0;2.0;ruka_se_zbozim;03_28_15_35_13_158.bin
14225.0;454.08196914196014;18299.076456159353;1;156.91168;156.91168;156.91168;156.91168;113.0;113.0;113.0;113.0;ruka_se_zbozim;03_28_15_35_18_953.bin
18940.0;529.6134462356567;23552.0;2;131.4264;245.19595;376.62238;188.31119;24.0;64.0;88.0;44.0;ruka_se_zbozim;03_28_15_35_23_731.bin
23439.0;601.3406157493591;27462.0;2;164.94113;182.04163;346.98276;173.49138;65.5;96.0;161.5;80.75;ruka_se_zbozim;03_28_15_35_26_327.bin
25296.0;624.999271273613;31180.825864339247;2;29.485281;73.870056;103.35534;51.67767;14.0;31.5;45.5;22.75;ruka_se_zbozim;03_28_15_44_46_611.bin
21415.0;572.9580307006836;26194.305272236932;4;20.485281;141.49747;281.23758;70.309395;11.5;42.0;90.5;22.625;ruka_se_zbozim;03_28_15_44_46_761.bin
20924.0;569.9776173830032;25624.394815252163;2;159.3259;192.46803;351.79395;175.89697;64.5;67.0;131.5;65.75;ruka_se_zbozim;03_28_15_44_48_566.bin
22964.5;597.5208743810654;27810.13713179645;2;121.59798;247.85281;369.4508;184.7254;20.0;33.0;53.0;26.5;ruka_se_zbozim;03_28_15_44_49_001.bin
17205.5;520.1047449111938;21941.76631495147;2;25.79899;35.142136;60.941124;30.470562;4.5;6.0;10.5;5.25;ruka_se_zbozim;03_28_15_44_51_294.bin
13761.0;443.52246141433716;17159.994262695778;2;22.313707;40.79899;63.112694;31.556347;3.0;11.0;14.0;7.0;ruka_se_zbozim;03_28_15_44_51_322.bin
8704.0;352.11045575141907;10368.0;1;57.112698;57.112698;57.112698;57.112698;4.0;4.0;4.0;4.0;ruka_se_zbozim;03_28_15_44_51_438.bin
12888.5;431.53171050548553;15599.994537353981;2;41.870056;205.81119;247.68124;123.84062;5.5;101.5;107.0;53.5;ruka_se_zbozim;03_28_15_44_53_469.bin
14334.0;481.3487150669098;16192.0;4;22.071068;153.56854;225.85281;56.463203;3.5;37.5;78.0;19.5;ruka_se_zbozim;03_28_15_44_53_480.bin
17339.0;494.4805030822754;22621.82306906779;1;213.7523;213.7523;213.7523;213.7523;98.5;98.5;98.5;98.5;ruka_se_zbozim;03_28_15_44_56_641.bin
15899.5;466.6207537651062;20305.0;2;68.38477;134.6396;203.02438;101.51219;22.0;34.5;56.5;28.25;ruka_se_zbozim;03_28_15_44_56_679.bin
15615.5;469.1618776321411;18923.0;3;32.55635;135.91168;228.99495;76.33165;5.5;39.0;54.5;18.166666;ruka_se_zbozim;03_28_15_44_58_429.bin
18501.5;506.11014127731323;23368.026114653796;2;85.2132;142.53911;227.75232;113.87616;46.0;84.5;130.5;65.25;ruka_se_zbozim;03_28_15_44_58_514.bin
20873.0;566.2074646949768;25472.0;2;58.31371;59.485283;117.798996;58.899498;0.0;11.0;11.0;5.5;ruka_se_zbozim;03_28_15_45_01_759.bin
19902.0;547.509262919426;24704.0;1;357.26703;357.26703;357.26703;357.26703;112.5;112.5;112.5;112.5;ruka_se_zbozim;03_28_15_45_01_863.bin
11853.0;436.5323849916458;15625.0;1;340.02438;340.02438;340.02438;340.02438;130.0;130.0;130.0;130.0;ruka_se_zbozim;03_28_15_45_02_095.bin
12882.5;471.2714945077896;15190.0;2;113.62742;153.2132;266.8406;133.4203;41.5;75.0;116.5;58.25;ruka_se_zbozim;03_28_15_45_05_092.bin
24212.5;599.0668714046478;30049.0;0;3.4028235E38;0.0;0.0;0.0;3.4028235E38;0.0;0.0;0.0;ruka_se_zbozim;03_28_15_45_08_778.bin
14438.5;437.5411009788513;17653.0;1;85.01219;85.01219;85.01219;85.01219;9.0;9.0;9.0;9.0;ruka_se_zbozim;03_28_15_45_08_911.bin
10241.5;384.66330349445343;12964.095551718492;1;26.899494;26.899494;26.899494;26.899494;7.5;7.5;7.5;7.5;ruka_se_zbozim;03_28_15_45_10_546.bin
13678.5;478.57574343681335;17309.044357498176;1;50.213203;50.213203;50.213203;50.213203;61.5;61.5;61.5;61.5;ruka_se_zbozim;03_28_15_45_10_645.bin
15097.0;509.95553708076477;19008.0;1;43.04163;43.04163;43.04163;43.04163;4.5;4.5;4.5;4.5;ruka_se_zbozim;03_28_15_45_13_552.bin
8039.5;329.6888835430145;9996.0;0;3.4028235E38;0.0;0.0;0.0;3.4028235E38;0.0;0.0;0.0;ruka_se_zbozim;03_28_15_45_14_013.bin
7370.5;318.11709916591644;9166.997070312733;1;25.071068;25.071068;25.071068;25.071068;1.5;1.5;1.5;1.5;ruka_se_zbozim;03_28_15_45_17_794.bin
13799.0;475.6424413919449;17760.0;1;21.071068;21.071068;21.071068;21.071068;9.0;9.0;9.0;9.0;ruka_se_zbozim;03_28_15_45_18_197.bin
8090.5;332.93338680267334;9297.78743606829;1;74.18376;74.18376;74.18376;74.18376;16.5;16.5;16.5;16.5;ruka_se_zbozim;03_28_15_45_22_075.bin
12586.0;441.07520389556885;15840.0;2;114.42641;119.3259;233.7523;116.87615;33.0;41.5;74.5;37.25;ruka_se_zbozim;03_28_15_45_24_387.bin
23820.5;587.2463021278381;32404.878349557985;3;33.72792;177.95332;288.10767;96.03589;3.5;33.5;58.0;19.333334;ruka_se_zbozim;03_28_15_45_24_741.bin
20440.0;594.848197221756;25211.880623921752;2;37.62742;43.72792;81.35534;40.67767;1.0;8.5;9.5;4.75;ruka_se_zbozim;03_28_15_45_27_937.bin
11048.0;429.0453088283539;14892.253563333303;3;25.556349;153.61017;310.04877;103.34959;3.0;37.0;68.5;22.833334;ruka_se_zbozim;03_28_15_45_28_188.bin
10259.5;412.808806180954;13238.91431083437;3;29.31371;163.36752;259.1371;86.37903;0.0;42.0;59.0;19.666666;ruka_se_zbozim;03_28_15_45_31_055.bin
20687.5;588.1661829948425;26436.569474076736;1;53.72792;53.72792;53.72792;53.72792;20.5;20.5;20.5;20.5;ruka_se_zbozim;03_28_15_45_31_269.bin
25680.0;598.3944219350815;32313.625659898855;4;22.071068;152.71068;350.70563;87.67641;7.5;35.0;83.5;20.875;ruka_se_zbozim;03_28_15_45_34_996.bin
19697.0;521.7229734659195;24838.684917297214;3;33.142136;237.42136;339.7767;113.2589;4.0;40.5;58.5;19.5;ruka_se_zbozim;03_28_15_45_35_039.bin
13924.0;519.228039264679;21624.0;3;25.727922;326.43353;389.85995;129.95332;6.5;60.0;73.5;24.5;ruka_se_zbozim;03_28_15_45_37_576.bin
38923.5;758.218768954277;55013.358584863134;7;24.727922;181.81119;631.45795;90.208275;2.5;110.5;247.0;35.285713;ruka_se_zbozim;03_28_15_45_37_891.bin
42928.0;789.3511344194412;57312.0;5;30.384775;190.74011;501.11984;100.22397;0.0;135.0;192.5;38.5;ruka_se_zbozim;03_28_15_45_37_935.bin
15977.0;497.03555607795715;19631.620989465155;1;57.31371;57.31371;57.31371;57.31371;28.5;28.5;28.5;28.5;ruka_se_zbozim;03_28_15_45_42_074.bin
9801.5;378.14558506011963;12084.0;1;60.213203;60.213203;60.213203;60.213203;4.5;4.5;4.5;4.5;ruka_se_zbozim;03_28_15_45_44_300.bin
48120.5;1004.5790491104126;77628.34846609179;3;35.414215;84.45584;203.08325;67.69442;24.5;42.0;92.0;30.666666;ruka_se_zbozim;03_28_15_45_48_070.bin
31966.0;788.0043075084686;38913.29617733415;2;136.52692;205.49747;342.02438;171.01219;68.0;75.0;143.0;71.5;ruka_se_zbozim;03_28_15_45_48_154.bin
18729.0;580.1109849214554;20384.0;0;3.4028235E38;0.0;0.0;0.0;3.4028235E38;0.0;0.0;0.0;ruka_se_zbozim;03_28_15_45_51_813.bin
45008.5;848.1213716268539;56516.0;1;59.899494;59.899494;59.899494;59.899494;74.0;74.0;74.0;74.0;ruka_se_zbozim;03_28_15_45_52_754.bin
14150.5;497.3119206428528;17711.999846830615;0;3.4028235E38;0.0;0.0;0.0;3.4028235E38;0.0;0.0;0.0;ruka_se_zbozim;03_28_15_45_57_905.bin
6993.5;331.5688900947571;9300.0;0;3.4028235E38;0.0;0.0;0.0;3.4028235E38;0.0;0.0;0.0;ruka_se_zbozim;03_28_15_45_58_373.bin
8135.0;354.5078148841858;10589.600362576777;0;3.4028235E38;0.0;0.0;0.0;3.4028235E38;0.0;0.0;0.0;ruka_se_zbozim;03_28_15_46_02_063.bin
13852.0;488.83011615276337;17279.994323730934;0;3.4028235E38;0.0;0.0;0.0;3.4028235E38;0.0;0.0;0.0;ruka_se_zbozim;03_28_15_46_02_570.bin
15823.5;501.44398260116577;20852.123841707595;0;3.4028235E38;0.0;0.0;0.0;3.4028235E38;0.0;0.0;0.0;ruka_se_zbozim;03_28_15_46_06_441.bin
10197.0;373.60623610019684;12570.005457571184;0;3.4028235E38;0.0;0.0;0.0;3.4028235E38;0.0;0.0;0.0;ruka_se_zbozim;03_28_15_46_06_632.bin
11426.0;393.7352205514908;13920.0;0;3.4028235E38;0.0;0.0;0.0;3.4028235E38;0.0;0.0;0.0;ruka_se_zbozim;03_28_15_46_09_442.bin
30271.5;662.4310840368271;36417.0;1;100.313705;100.313705;100.313705;100.313705;17.0;17.0;17.0;17.0;ruka_se_zbozim;03_28_15_46_13_144.bin
32658.0;689.0771324634552;36019.0;1;556.81116;556.81116;556.81116;556.81116;330.5;330.5;330.5;330.5;ruka_se_zbozim;03_28_15_46_13_227.bin
23230.0;599.3678184747696;27990.499445283785;1;35.31371;35.31371;35.31371;35.31371;9.5;9.5;9.5;9.5;ruka_se_zbozim;03_28_15_46_16_846.bin
30064.0;649.6710031032562;34636.376318635885;1;175.91168;175.91168;175.91168;175.91168;26.0;26.0;26.0;26.0;ruka_se_zbozim;03_28_15_46_16_972.bin
31527.0;669.2244603633881;36815.0;1;43.899494;43.899494;43.899494;43.899494;27.5;27.5;27.5;27.5;ruka_se_zbozim;03_28_15_46_17_244.bin
22280.5;585.9582675695419;27504.0;2;109.52691;203.91168;313.4386;156.7193;91.5;116.0;207.5;103.75;ruka_se_zbozim;03_28_15_46_21_175.bin
26884.5;631.2239158153534;29651.0;1;51.31371;51.31371;51.31371;51.31371;14.0;14.0;14.0;14.0;ruka_se_zbozim;03_28_15_46_23_022.bin
18246.5;600.0135724544525;24028.057920823805;0;3.4028235E38;0.0;0.0;0.0;3.4028235E38;0.0;0.0;0.0;ruka_se_zbozim;03_28_15_46_25_876.bin
7335.5;331.93683183193207;10098.0;0;3.4028235E38;0.0;0.0;0.0;3.4028235E38;0.0;0.0;0.0;ruka_se_zbozim;03_28_15_46_25_988.bin
8549.0;362.2943300008774;11468.0;1;42.899494;42.899494;42.899494;42.899494;9.5;9.5;9.5;9.5;ruka_se_zbozim;03_28_15_46_34_115.bin
14778.5;499.5793352127075;18701.694115098682;1;146.66905;146.66905;146.66905;146.66905;36.5;36.5;36.5;36.5;ruka_se_zbozim;03_28_15_46_34_752.bin
13701.0;460.789755821228;17180.26379916456;0;3.4028235E38;0.0;0.0;0.0;3.4028235E38;0.0;0.0;0.0;ruka_se_zbozim;03_28_15_46_38_453.bin
13582.5;475.5008034706116;17297.83587285853;1;78.28427;78.28427;78.28427;78.28427;32.0;32.0;32.0;32.0;ruka_se_zbozim;03_28_15_46_39_588.bin
14110.5;493.4323477745056;17539.95789006853;0;3.4028235E38;0.0;0.0;0.0;3.4028235E38;0.0;0.0;0.0;ruka_se_zbozim;03_28_15_46_41_701.bin
8286.5;345.2284646034241;10283.0;0;3.4028235E38;0.0;0.0;0.0;3.4028235E38;0.0;0.0;0.0;ruka_se_zbozim;03_28_15_46_41_924.bin
12745.5;416.42437851428986;16129.0;0;3.4028235E38;0.0;0.0;0.0;3.4028235E38;0.0;0.0;0.0;ruka_se_zbozim;03_28_15_46_43_941.bin
16736.5;489.7921191453934;22079.573498674203;0;3.4028235E38;0.0;0.0;0.0;3.4028235E38;0.0;0.0;0.0;ruka_se_zbozim;03_28_15_46_44_007.bin
23044.5;642.5966078042984;31615.024642697652;0;3.4028235E38;0.0;0.0;0.0;3.4028235E38;0.0;0.0;0.0;ruka_se_zbozim;03_28_15_46_46_268.bin
16671.5;522.4017286300659;21941.666078093695;0;3.4028235E38;0.0;0.0;0.0;3.4028235E38;0.0;0.0;0.0;ruka_se_zbozim;03_28_15_46_46_506.bin
22815.0;608.6788069009781;28932.216347080423;2;55.384777;275.75232;331.1371;165.56854;7.5;94.5;102.0;51.0;ruka_se_zbozim;03_28_15_46_48_104.bin
14834.5;446.6072276830673;18824.288309894968;2;20.485281;84.69849;105.18377;52.591885;4.0;30.5;34.5;17.25;ruka_se_zbozim;03_28_15_46_51_653.bin
20419.5;543.4643290042877;25790.300326849334;1;217.88225;217.88225;217.88225;217.88225;74.0;74.0;74.0;74.0;ruka_se_zbozim;03_28_15_46_53_586.bin
13281.0;435.9909234046936;16375.0;0;3.4028235E38;0.0;0.0;0.0;3.4028235E38;0.0;0.0;0.0;ruka_se_zbozim;03_28_15_46_56_748.bin
24501.5;607.7400953769684;29672.444152582437;1;44.970562;44.970562;44.970562;44.970562;1.0;1.0;1.0;1.0;ruka_se_zbozim;03_28_15_46_58_583.bin
10624.5;403.7283489704132;13350.0;0;3.4028235E38;0.0;0.0;0.0;3.4028235E38;0.0;0.0;0.0;ruka_se_zbozim;03_28_15_47_02_345.bin
9230.0;353.5937398672104;10989.0;2;22.31371;41.941124;64.25484;32.12742;1.0;7.5;8.5;4.25;ruka_se_zbozim;03_28_15_47_06_019.bin
4731.5;264.96025466918945;6461.0;0;3.4028235E38;0.0;0.0;0.0;3.4028235E38;0.0;0.0;0.0;ruka_se_zbozim;03_28_15_47_09_656.bin
6078.5;303.88550090789795;8019.6342416275875;0;3.4028235E38;0.0;0.0;0.0;3.4028235E38;0.0;0.0;0.0;ruka_se_zbozim;03_28_15_47_12_481.bin
12951.5;469.3115963935852;15978.116696612444;0;3.4028235E38;0.0;0.0;0.0;3.4028235E38;0.0;0.0;0.0;ruka_se_zbozim;03_28_15_47_15_101.bin
11638.5;421.9446361064911;14229.0;0;3.4028235E38;0.0;0.0;0.0;3.4028235E38;0.0;0.0;0.0;ruka_se_zbozim;03_28_15_47_17_731.bin
11895.5;426.84326791763306;15404.714141032775;2;23.556349;104.84062;128.39697;64.19849;3.5;45.5;49.0;24.5;ruka_se_zbozim;03_28_15_47_21_040.bin
13970.5;495.38019013404846;17157.759002439678;0;3.4028235E38;0.0;0.0;0.0;3.4028235E38;0.0;0.0;0.0;ruka_se_zbozim;03_28_15_47_27_362.bin
8697.5;354.42062401771545;11217.400934683857;0;3.4028235E38;0.0;0.0;0.0;3.4028235E38;0.0;0.0;0.0;ruka_se_zbozim;03_28_15_47_27_553.bin
15259.5;497.08296954631805;20144.58534566511;1;40.213203;40.213203;40.213203;40.213203;47.5;47.5;47.5;47.5;ruka_se_zbozim;03_28_15_47_29_653.bin
10440.0;447.722659945488;13992.774136475637;1;32.656853;32.656853;32.656853;32.656853;12.0;12.0;12.0;12.0;ruka_se_zbozim;03_28_15_47_33_868.bin
6842.0;357.6751490831375;10439.332340795896;1;89.55635;89.55635;89.55635;89.55635;30.5;30.5;30.5;30.5;ruka_se_zbozim;03_28_15_47_34_024.bin
10745.5;423.18624198436737;13282.440052856691;1;236.53911;236.53911;236.53911;236.53911;67.0;67.0;67.0;67.0;ruka_se_zbozim;03_28_15_47_36_039.bin
12699.0;438.0764595270157;16906.0;2;30.485281;116.69849;147.18376;73.59188;20.0;61.5;81.5;40.75;ruka_se_zbozim;03_28_15_47_38_696.bin
21823.5;554.6694779396057;27862.46511425078;2;103.1127;209.36754;312.48022;156.24011;29.0;51.0;80.0;40.0;ruka_se_zbozim;03_28_15_47_40_392.bin
16529.5;514.4519978761673;20992.665069410577;2;107.3259;227.10765;334.43353;167.21677;14.5;55.0;69.5;34.75;ruka_se_zbozim;03_28_15_47_43_421.bin
