HWG area;HWG length;HWG min rect;GR area;GR length;GR min rect;Contours count;Min contour length;Max contour length;Sum contour length;Avg contour length;Min contour area;Max contour area;Sum contour area;Avg contour area;Label;Filename
22287.0;619.0629361867905;31291.39230915159;3989.0;346.14009749889374;6300.620651548903;0;3.4028235E38;0.0;0.0;0.0;3.4028235E38;0.0;0.0;0.0;prazdna_ruka;03_28_15_31_13_812.bin
23124.5;612.5266607999802;30646.02049823478;2815.5;289.09533429145813;4659.491441452759;0;3.4028235E38;0.0;0.0;0.0;3.4028235E38;0.0;0.0;0.0;prazdna_ruka;03_28_15_31_13_858.bin
20589.5;562.4206303358078;26267.760112067335;789.5;154.46005773544312;1489.5252831967955;0;3.4028235E38;0.0;0.0;0.0;3.4028235E38;0.0;0.0;0.0;prazdna_ruka;03_28_15_31_13_918.bin
19513.5;552.3597123622894;26101.136503474787;766.5;170.92643785476685;1380.245610664977;0;3.4028235E38;0.0;0.0;0.0;3.4028235E38;0.0;0.0;0.0;prazdna_ruka;03_28_15_31_13_947.bin
18481.0;527.879242181778;24276.30002843216;694.5;154.79510915279388;1160.873959983961;0;3.4028235E38;0.0;0.0;0.0;3.4028235E38;0.0;0.0;0.0;prazdna_ruka;03_28_15_31_13_971.bin
17983.0;513.822218298912;22708.70359805692;588.5;146.00594115257263;910.7698686620279;0;3.4028235E38;0.0;0.0;0.0;3.4028235E38;0.0;0.0;0.0;prazdna_ruka;03_28_15_31_14_011.bin
17803.0;513.5801057815552;21837.993545532692;602.5;152.56147861480713;949.0;0;3.4028235E38;0.0;0.0;0.0;3.4028235E38;0.0;0.0;0.0;prazdna_ruka;03_28_15_31_14_040.bin
17736.5;516.5774827003479;22372.0;713.5;163.7791645526886;1143.4069824189064;0;3.4028235E38;0.0;0.0;0.0;3.4028235E38;0.0;0.0;0.0;prazdna_ruka;03_28_15_31_14_085.bin
18224.5;529.2506229877472;22749.457463912666;747.0;170.75261163711548;1198.9521780264913;0;3.4028235E38;0.0;0.0;0.0;3.4028235E38;0.0;0.0;0.0;prazdna_ruka;03_28_15_31_14_136.bin
18333.5;536.5700993537903;22686.0;643.0;163.81885766983032;1020.6722844770411;0;3.4028235E38;0.0;0.0;0.0;3.4028235E38;0.0;0.0;0.0;prazdna_ruka;03_28_15_31_14_190.bin
18225.5;541.4351828098297;22288.0;583.0;161.9636173248291;909.7017831620906;0;3.4028235E38;0.0;0.0;0.0;3.4028235E38;0.0;0.0;0.0;prazdna_ruka;03_28_15_31_14_233.bin
18074.5;539.8269546031952;22089.0;553.0;156.72937631607056;862.2218598323961;0;3.4028235E38;0.0;0.0;0.0;3.4028235E38;0.0;0.0;0.0;prazdna_ruka;03_28_15_31_14_270.bin
17652.5;533.2555820941925;21691.0;497.0;149.0598599910736;781.9135762784645;0;3.4028235E38;0.0;0.0;0.0;3.4028235E38;0.0;0.0;0.0;prazdna_ruka;03_28_15_31_14_293.bin
17440.0;529.705850481987;21582.0;434.5;143.81314182281494;691.5614473083042;0;3.4028235E38;0.0;0.0;0.0;3.4028235E38;0.0;0.0;0.0;prazdna_ruka;03_28_15_31_14_334.bin
15060.0;492.8999390602112;17870.044231199892;729.5;186.9540982246399;1251.467575415445;0;3.4028235E38;0.0;0.0;0.0;3.4028235E38;0.0;0.0;0.0;prazdna_ruka;03_28_15_31_21_069.bin
6540.5;306.8070023059845;7565.0;90.0;63.26646339893341;116.76987979962223;0;3.4028235E38;0.0;0.0;0.0;3.4028235E38;0.0;0.0;0.0;prazdna_ruka;03_28_15_31_21_304.bin
6222.0;299.1638894081116;7482.0;1080.0;141.44425201416016;1655.8855036377936;0;3.4028235E38;0.0;0.0;0.0;3.4028235E38;0.0;0.0;0.0;prazdna_ruka;03_28_15_31_22_127.bin
8848.0;354.9912338256836;10672.0;1299.5;152.6080378293991;1971.4656902244315;0;3.4028235E38;0.0;0.0;0.0;3.4028235E38;0.0;0.0;0.0;prazdna_ruka;03_28_15_31_22_146.bin
11119.5;409.3087605237961;13679.994903564919;1607.0;166.85817635059357;2345.283354487372;0;3.4028235E38;0.0;0.0;0.0;3.4028235E38;0.0;0.0;0.0;prazdna_ruka;03_28_15_31_22_182.bin
13015.5;459.7289880514145;16731.0;1856.5;177.4263551235199;2688.399640943302;0;3.4028235E38;0.0;0.0;0.0;3.4028235E38;0.0;0.0;0.0;prazdna_ruka;03_28_15_31_22_210.bin
15206.0;512.4040540456772;19556.622312515974;1971.0;182.08715343475342;2842.5072813495062;0;3.4028235E38;0.0;0.0;0.0;3.4028235E38;0.0;0.0;0.0;prazdna_ruka;03_28_15_31_22_238.bin
19181.5;547.9320285320282;23143.052919825073;2403.5;291.4943736791611;4192.525218284049;0;3.4028235E38;0.0;0.0;0.0;3.4028235E38;0.0;0.0;0.0;prazdna_ruka;03_28_15_31_29_135.bin
8945.5;372.70269083976746;11957.986595810391;269.0;83.56807589530945;474.35302263977064;0;3.4028235E38;0.0;0.0;0.0;3.4028235E38;0.0;0.0;0.0;prazdna_ruka;03_28_15_32_02_796.bin
13413.5;450.1376314163208;17432.276515558362;289.0;82.87890684604645;418.0;0;3.4028235E38;0.0;0.0;0.0;3.4028235E38;0.0;0.0;0.0;prazdna_ruka;03_28_15_32_02_825.bin
16529.5;521.9719511270523;21248.6146631625;305.0;81.52975058555603;444.0;0;3.4028235E38;0.0;0.0;0.0;3.4028235E38;0.0;0.0;0.0;prazdna_ruka;03_28_15_32_02_860.bin
21098.0;600.1041452884674;27977.592134502484;310.0;100.24668967723846;607.9999297711038;0;3.4028235E38;0.0;0.0;0.0;3.4028235E38;0.0;0.0;0.0;prazdna_ruka;03_28_15_32_02_892.bin
7823.5;342.9349355697632;9657.0;104.0;46.84693002700806;179.50821294496563;0;3.4028235E38;0.0;0.0;0.0;3.4028235E38;0.0;0.0;0.0;prazdna_ruka;03_28_15_32_28_720.bin
10015.5;388.42616045475006;12353.995178223122;136.0;59.10032773017883;238.2359926623467;0;3.4028235E38;0.0;0.0;0.0;3.4028235E38;0.0;0.0;0.0;prazdna_ruka;03_28_15_32_28_761.bin
14513.0;501.14371371269226;18216.0;219.5;63.00720751285553;361.88765381507983;0;3.4028235E38;0.0;0.0;0.0;3.4028235E38;0.0;0.0;0.0;prazdna_ruka;03_28_15_32_28_798.bin
13240.5;480.3116799592972;15565.889918921632;1357.0;159.12929379940033;2129.476733215968;0;3.4028235E38;0.0;0.0;0.0;3.4028235E38;0.0;0.0;0.0;prazdna_ruka;03_28_15_32_37_474.bin
9171.5;384.94891715049744;10773.0;1189.0;151.65191233158112;1795.306637206013;0;3.4028235E38;0.0;0.0;0.0;3.4028235E38;0.0;0.0;0.0;prazdna_ruka;03_28_15_32_37_520.bin
7549.5;327.62368965148926;9639.296835574496;137.0;54.507508277893066;222.4800286483769;0;3.4028235E38;0.0;0.0;0.0;3.4028235E38;0.0;0.0;0.0;prazdna_ruka;03_28_15_34_30_590.bin
8302.5;347.62507379055023;10400.04019083362;223.5;69.35925269126892;398.9272259524987;0;3.4028235E38;0.0;0.0;0.0;3.4028235E38;0.0;0.0;0.0;prazdna_ruka;03_28_15_34_30_615.bin
9282.0;374.0882896184921;11547.58376610023;307.5;78.10874378681183;532.0000175309433;0;3.4028235E38;0.0;0.0;0.0;3.4028235E38;0.0;0.0;0.0;prazdna_ruka;03_28_15_34_30_654.bin
10202.5;403.2046227455139;12756.400352014694;409.5;87.6171007156372;692.1176649347763;0;3.4028235E38;0.0;0.0;0.0;3.4028235E38;0.0;0.0;0.0;prazdna_ruka;03_28_15_34_30_689.bin
11353.0;440.8732213973999;13966.80192160979;504.0;98.23285508155823;856.3097726357628;0;3.4028235E38;0.0;0.0;0.0;3.4028235E38;0.0;0.0;0.0;prazdna_ruka;03_28_15_34_30_729.bin
13548.5;489.3489603996277;16731.36761133047;764.0;127.24857723712921;1382.0769638367346;0;3.4028235E38;0.0;0.0;0.0;3.4028235E38;0.0;0.0;0.0;prazdna_ruka;03_28_15_34_30_758.bin
17134.0;537.3460555076599;21160.17710987106;262.5;125.4418181180954;437.99988888713415;0;3.4028235E38;0.0;0.0;0.0;3.4028235E38;0.0;0.0;0.0;prazdna_ruka;03_28_15_34_32_444.bin
14768.0;508.1855880022049;17351.6883333812;725.5;175.9374647140503;1190.6154420385428;0;3.4028235E38;0.0;0.0;0.0;3.4028235E38;0.0;0.0;0.0;prazdna_ruka;03_28_15_34_59_979.bin
11685.5;438.20983719825745;13803.033418132109;212.0;100.87338042259216;346.90521603234083;0;3.4028235E38;0.0;0.0;0.0;3.4028235E38;0.0;0.0;0.0;prazdna_ruka;03_28_15_35_00_041.bin
7661.5;328.9779225587845;9102.0;511.0;97.07670211791992;843.4941090973152;0;3.4028235E38;0.0;0.0;0.0;3.4028235E38;0.0;0.0;0.0;prazdna_ruka;03_28_15_35_00_070.bin
14412.5;522.4896442890167;18053.238410777412;113.0;101.81158137321472;164.73065877278714;0;3.4028235E38;0.0;0.0;0.0;3.4028235E38;0.0;0.0;0.0;prazdna_ruka;03_28_15_35_00_497.bin
21978.5;616.0040627717972;28911.755309881642;1136.5;229.13676834106445;1913.7898766809667;0;3.4028235E38;0.0;0.0;0.0;3.4028235E38;0.0;0.0;0.0;prazdna_ruka;03_28_15_35_05_068.bin
19411.5;572.7309281826019;25770.40196279646;668.0;183.5643790960312;1063.9999433986377;0;3.4028235E38;0.0;0.0;0.0;3.4028235E38;0.0;0.0;0.0;prazdna_ruka;03_28_15_35_05_102.bin
18597.0;558.6565581560135;24752.66755376011;566.0;189.21335899829865;839.4890204001422;0;3.4028235E38;0.0;0.0;0.0;3.4028235E38;0.0;0.0;0.0;prazdna_ruka;03_28_15_35_05_149.bin
17772.5;547.797203540802;23227.237729456276;848.5;203.63605189323425;1267.1999599131814;0;3.4028235E38;0.0;0.0;0.0;3.4028235E38;0.0;0.0;0.0;prazdna_ruka;03_28_15_35_05_197.bin
17394.5;547.2680861949921;22583.88658993598;787.0;203.0617871284485;1216.4118202208629;0;3.4028235E38;0.0;0.0;0.0;3.4028235E38;0.0;0.0;0.0;prazdna_ruka;03_28_15_35_05_236.bin
28382.0;785.8286983966827;41880.113165882416;1172.0;150.23355650901794;1759.3060519914434;0;3.4028235E38;0.0;0.0;0.0;3.4028235E38;0.0;0.0;0.0;prazdna_ruka;03_28_15_35_10_615.bin
19472.0;640.0717924833298;31020.34242847259;148.0;159.55590999126434;230.66741943813759;0;3.4028235E38;0.0;0.0;0.0;3.4028235E38;0.0;0.0;0.0;prazdna_ruka;03_28_15_35_10_680.bin
16731.0;556.8984725475311;26827.924509883742;206.5;160.85447907447815;336.5554639924667;0;3.4028235E38;0.0;0.0;0.0;3.4028235E38;0.0;0.0;0.0;prazdna_ruka;03_28_15_35_10_713.bin
11577.0;418.91904067993164;15736.912000009674;110.0;43.99035024642944;129.30770539696823;0;3.4028235E38;0.0;0.0;0.0;3.4028235E38;0.0;0.0;0.0;prazdna_ruka;03_28_15_35_10_761.bin
9584.5;389.22452116012573;13425.92817007564;97.5;52.46990370750427;142.48754662049578;0;3.4028235E38;0.0;0.0;0.0;3.4028235E38;0.0;0.0;0.0;prazdna_ruka;03_28_15_35_21_705.bin
10889.0;424.9161400794983;15143.800287269056;22.0;29.388673067092896;29.99999863596895;0;3.4028235E38;0.0;0.0;0.0;3.4028235E38;0.0;0.0;0.0;prazdna_ruka;03_28_15_35_21_732.bin
12158.0;457.3692054748535;16816.894177683163;30.0;31.15090274810791;41.99999873098864;0;3.4028235E38;0.0;0.0;0.0;3.4028235E38;0.0;0.0;0.0;prazdna_ruka;03_28_15_35_21_782.bin
13455.0;490.87036299705505;18494.194384766044;50.0;42.59234952926636;72.49998259844688;0;3.4028235E38;0.0;0.0;0.0;3.4028235E38;0.0;0.0;0.0;prazdna_ruka;03_28_15_35_21_839.bin
14804.5;520.2920386791229;20121.275078125298;77.5;56.730775117874146;116.87779578020127;0;3.4028235E38;0.0;0.0;0.0;3.4028235E38;0.0;0.0;0.0;prazdna_ruka;03_28_15_35_21_876.bin
41391.0;807.5466201305389;55321.97937011905;9303.0;431.7885937690735;14151.499577762559;4;31.313707;95.35534;277.33807;69.33452;10.0;56.5;126.0;31.5;ruka_se_zbozim;03_28_15_31_06_573.bin
40884.5;783.1807022094727;54253.81152079627;9257.0;431.5309752225876;15231.467190007446;4;23.485281;140.15433;256.9239;64.23097;2.5;59.5;105.5;26.375;ruka_se_zbozim;03_28_15_31_06_600.bin
37983.5;755.8945106267929;50189.69978227466;7539.5;405.44003319740295;12041.968204369303;2;81.1127;94.1127;175.2254;87.6127;23.0;49.0;72.0;36.0;ruka_se_zbozim;03_28_15_31_06_629.bin
34726.0;724.2896221876144;46074.67066363804;6987.5;380.47205901145935;10940.608782813884;2;64.35534;236.88225;301.23758;150.61879;3.5;113.0;116.5;58.25;ruka_se_zbozim;03_28_15_31_06_659.bin
31322.5;692.1471525430679;41510.17074874649;5919.0;339.80514085292816;10178.599228599458;3;34.656853;95.769554;206.36752;68.78918;10.0;25.0;55.5;18.5;ruka_se_zbozim;03_28_15_31_06_714.bin
28391.0;666.7057012319565;37158.421725492924;5215.0;312.57358479499817;8934.826802270429;4;20.242641;166.91168;246.4386;61.60965;11.0;77.0;117.0;29.25;ruka_se_zbozim;03_28_15_31_06_763.bin
25456.0;642.0484981536865;32625.0;4586.0;289.67760717868805;7843.126282225363;4;24.970562;81.1127;206.85281;51.713203;2.5;33.0;62.0;15.5;ruka_se_zbozim;03_28_15_31_06_792.bin
22940.0;625.3457787036896;28490.0;4236.5;274.9798836708069;7047.001234128373;3;21.899494;80.1127;144.74011;48.246704;6.5;33.0;52.5;17.5;ruka_se_zbozim;03_28_15_31_06_840.bin
19924.5;603.0595083236694;24287.993209839333;3487.0;247.27042031288147;5376.001090962265;3;73.970566;84.62742;243.05383;81.017944;8.0;30.0;66.0;22.0;ruka_se_zbozim;03_28_15_31_06_873.bin
17040.5;587.3585367202759;20500.0;3004.5;229.84830474853516;4619.725448124227;3;22.071068;139.66905;184.88226;61.627422;6.0;37.5;58.0;19.333334;ruka_se_zbozim;03_28_15_31_06_907.bin
14496.0;566.7976559400558;17324.0;2590.5;212.1191784143448;3693.1147292912647;3;66.142136;133.76955;290.36752;96.78918;23.5;41.0;104.5;34.833332;ruka_se_zbozim;03_28_15_31_06_932.bin
11857.5;538.2405774593353;14460.0;1311.0;146.57283651828766;1667.0765239653701;4;25.485281;99.1127;205.2254;51.30635;1.0;97.0;123.0;30.75;ruka_se_zbozim;03_28_15_31_06_973.bin
8065.0;437.9841277599335;9843.0;1482.5;182.60126638412476;2180.2121344247425;2;20.313707;59.142136;79.45584;39.72792;3.0;5.0;8.0;4.0;ruka_se_zbozim;03_28_15_31_06_994.bin
31106.5;704.6812880039215;41039.9825134296;7695.5;371.5805616378784;12546.003318442265;4;30.071068;217.50966;315.93607;78.98402;3.5;89.0;105.0;26.25;ruka_se_zbozim;03_28_15_31_10_362.bin
33674.5;724.9739973545074;44660.0;8772.5;394.72886633872986;14517.089171085623;2;44.142136;205.85281;249.99495;124.997475;12.0;64.0;76.0;38.0;ruka_se_zbozim;03_28_15_31_10_762.bin
13868.5;461.425749540329;17784.0;1548.0;154.21321892738342;2152.782267033326;0;3.4028235E38;0.0;0.0;0.0;3.4028235E38;0.0;0.0;0.0;ruka_se_zbozim;03_28_15_31_16_324.bin
9271.5;354.6656371355057;11503.882319654804;1146.5;135.73732447624207;1564.7061377796635;0;3.4028235E38;0.0;0.0;0.0;3.4028235E38;0.0;0.0;0.0;ruka_se_zbozim;03_28_15_31_16_371.bin
6856.0;314.5144342184067;8160.0;1114.5;136.6530805826187;1564.9055207573983;0;3.4028235E38;0.0;0.0;0.0;3.4028235E38;0.0;0.0;0.0;ruka_se_zbozim;03_28_15_31_16_392.bin
15425.5;499.4205882549286;19980.0;2575.0;196.60411942005157;3570.0;1;124.970566;124.970566;124.970566;124.970566;81.5;81.5;81.5;81.5;ruka_se_zbozim;03_28_15_31_24_469.bin
14457.0;476.69492423534393;18806.57666051411;2572.0;194.59951782226562;3532.9060247257294;1;123.55635;123.55635;123.55635;123.55635;69.0;69.0;69.0;69.0;ruka_se_zbozim;03_28_15_31_24_500.bin
13696.5;455.9936761856079;17808.0;2552.5;193.6927318572998;3536.0;1;118.38477;118.38477;118.38477;118.38477;96.5;96.5;96.5;96.5;ruka_se_zbozim;03_28_15_31_24_533.bin
12885.5;436.671563744545;16566.18120626686;2515.0;193.23891854286194;3536.0;1;116.38477;116.38477;116.38477;116.38477;53.0;53.0;53.0;53.0;ruka_se_zbozim;03_28_15_31_24_559.bin
12208.0;419.6403919458389;15429.0;2551.5;195.54700469970703;3588.0;1;115.79899;115.79899;115.79899;115.79899;53.0;53.0;53.0;53.0;ruka_se_zbozim;03_28_15_31_24_596.bin
11516.5;401.4517798423767;14245.64864167641;2569.0;195.03200554847717;3657.0;1;110.38477;110.38477;110.38477;110.38477;82.5;82.5;82.5;82.5;ruka_se_zbozim;03_28_15_31_24_625.bin
10783.5;384.5389357805252;12831.511952860688;2507.0;194.8661379814148;3519.0;1;111.04163;111.04163;111.04163;111.04163;39.5;39.5;39.5;39.5;ruka_se_zbozim;03_28_15_31_24_643.bin
10082.5;372.8091356754303;11685.64580214105;2531.0;198.0560804605484;3638.061888862285;1;105.79899;105.79899;105.79899;105.79899;83.0;83.0;83.0;83.0;ruka_se_zbozim;03_28_15_31_24_723.bin
6925.5;318.01563835144043;8374.0;2875.5;205.70688223838806;3891.1336345134478;2;30.556349;41.899494;72.45584;36.22792;3.5;31.0;34.5;17.25;ruka_se_zbozim;03_28_15_31_27_162.bin
9845.0;370.61408817768097;11554.0;3084.5;213.85606515407562;4204.971906328661;1;26.727922;26.727922;26.727922;26.727922;5.0;5.0;5.0;5.0;ruka_se_zbozim;03_28_15_31_27_222.bin
11106.5;392.689572930336;12978.929699276225;3116.5;212.7421590089798;4245.0582536858565;2;27.485281;49.62742;77.1127;38.55635;10.0;15.0;25.0;12.5;ruka_se_zbozim;03_28_15_31_27_255.bin
11916.5;412.75064301490784;14482.542610551696;3264.5;217.15570783615112;4428.919609354343;3;27.727922;50.72792;111.18376;37.061253;2.5;7.5;14.5;4.8333335;ruka_se_zbozim;03_28_15_31_27_302.bin
12833.5;436.1608394384384;15939.238859601552;3229.5;215.5477523803711;4404.941252478689;1;62.28427;62.28427;62.28427;62.28427;9.5;9.5;9.5;9.5;ruka_se_zbozim;03_28_15_31_27_357.bin
14916.5;490.5274769067764;19031.941015666234;3268.0;218.10961508750916;4453.0497840675525;1;127.04163;127.04163;127.04163;127.04163;33.5;33.5;33.5;33.5;ruka_se_zbozim;03_28_15_31_27_397.bin
11718.0;459.920382976532;14427.312991995597;42.0;25.59435546398163;54.600000451757296;0;3.4028235E38;0.0;0.0;0.0;3.4028235E38;0.0;0.0;0.0;ruka_se_zbozim;03_28_15_31_31_270.bin
10320.5;419.6863989830017;12917.94422875857;0.0;2.0;0.0;0;3.4028235E38;0.0;0.0;0.0;3.4028235E38;0.0;0.0;0.0;ruka_se_zbozim;03_28_15_31_31_314.bin
9049.0;384.5490643978119;11313.476429660805;43.5;26.39801514148712;57.19999895006913;0;3.4028235E38;0.0;0.0;0.0;3.4028235E38;0.0;0.0;0.0;ruka_se_zbozim;03_28_15_31_31_337.bin
8006.0;356.29607462882996;9988.39972099755;11.5;17.12241756916046;16.0;0;3.4028235E38;0.0;0.0;0.0;3.4028235E38;0.0;0.0;0.0;ruka_se_zbozim;03_28_15_31_31_363.bin
7546.0;356.53131878376007;10711.130007702392;363.0;85.34989178180695;694.9999546000618;1;41.627415;41.627415;41.627415;41.627415;7.0;7.0;7.0;7.0;ruka_se_zbozim;03_28_15_31_31_392.bin
5640.0;300.08994472026825;7756.764052227372;20.5;18.822014331817627;33.52941025287555;0;3.4028235E38;0.0;0.0;0.0;3.4028235E38;0.0;0.0;0.0;ruka_se_zbozim;03_28_15_31_31_428.bin
4203.5;260.0131343603134;6108.452950702631;4.5;9.738768935203552;5.199999967790632;0;3.4028235E38;0.0;0.0;0.0;3.4028235E38;0.0;0.0;0.0;ruka_se_zbozim;03_28_15_31_31_466.bin
3326.5;240.17688357830048;4896.0;11.5;14.24552309513092;17.99999839607881;0;3.4028235E38;0.0;0.0;0.0;3.4028235E38;0.0;0.0;0.0;ruka_se_zbozim;03_28_15_31_31_499.bin
7656.0;344.4061424732208;10742.110780873918;1441.0;160.10364949703217;1992.922938299962;0;3.4028235E38;0.0;0.0;0.0;3.4028235E38;0.0;0.0;0.0;ruka_se_zbozim;03_28_15_31_33_838.bin
9401.5;382.67438304424286;12967.272862460813;1963.5;184.23434209823608;2577.241498371586;1;46.213203;46.213203;46.213203;46.213203;17.5;17.5;17.5;17.5;ruka_se_zbozim;03_28_15_31_33_881.bin
9545.0;386.5645053386688;12997.395082156523;1502.0;159.92634177207947;1887.627416482428;1;46.112698;46.112698;46.112698;46.112698;7.0;7.0;7.0;7.0;ruka_se_zbozim;03_28_15_31_33_937.bin
11809.5;436.0040910243988;15486.391674216138;2440.0;188.1280438899994;3263.541591322981;1;129.88225;129.88225;129.88225;129.88225;27.0;27.0;27.0;27.0;ruka_se_zbozim;03_28_15_31_33_981.bin
12175.0;448.6522754430771;16133.824077144964;2225.5;184.77733945846558;3008.338568672887;1;48.698483;48.698483;48.698483;48.698483;6.5;6.5;6.5;6.5;ruka_se_zbozim;03_28_15_31_34_028.bin
14538.5;509.09180903434753;18882.54343493795;2691.5;198.57790422439575;3650.2411387229804;2;21.485281;128.2254;149.71068;74.85534;0.0;43.0;43.0;21.5;ruka_se_zbozim;03_28_15_31_34_136.bin
11606.5;429.46900820732117;15702.644604550791;212.5;105.66225218772888;311.5999806566688;0;3.4028235E38;0.0;0.0;0.0;3.4028235E38;0.0;0.0;0.0;ruka_se_zbozim;03_28_15_31_40_588.bin
12755.5;459.15763211250305;16951.613822340034;190.0;102.77507472038269;271.87577463138587;0;3.4028235E38;0.0;0.0;0.0;3.4028235E38;0.0;0.0;0.0;ruka_se_zbozim;03_28_15_31_40_644.bin
13330.0;473.11711370944977;17640.498602704145;223.0;109.7387444972992;360.6597975363402;0;3.4028235E38;0.0;0.0;0.0;3.4028235E38;0.0;0.0;0.0;ruka_se_zbozim;03_28_15_31_40_683.bin
14484.5;499.83466613292694;17949.0;454.5;154.7926526069641;716.1817669236334;0;3.4028235E38;0.0;0.0;0.0;3.4028235E38;0.0;0.0;0.0;ruka_se_zbozim;03_28_15_31_45_175.bin
12719.0;457.3993122577667;16231.297235787031;947.5;117.22625923156738;1117.7811762739875;0;3.4028235E38;0.0;0.0;0.0;3.4028235E38;0.0;0.0;0.0;ruka_se_zbozim;03_28_15_31_45_226.bin
11863.5;437.46510422229767;15417.832032499835;981.5;119.81159782409668;1166.0000420229917;0;3.4028235E38;0.0;0.0;0.0;3.4028235E38;0.0;0.0;0.0;ruka_se_zbozim;03_28_15_31_45_269.bin
10687.0;404.21300649642944;13847.21238103765;1010.0;120.38546204566956;1200.5279024849951;0;3.4028235E38;0.0;0.0;0.0;3.4028235E38;0.0;0.0;0.0;ruka_se_zbozim;03_28_15_31_45_294.bin
9969.0;385.47535955905914;12968.271944324952;1010.0;120.39088129997253;1181.3999033947766;0;3.4028235E38;0.0;0.0;0.0;3.4028235E38;0.0;0.0;0.0;ruka_se_zbozim;03_28_15_31_45_321.bin
9441.0;370.36214232444763;12369.0;999.5;119.22914862632751;1183.341528208577;0;3.4028235E38;0.0;0.0;0.0;3.4028235E38;0.0;0.0;0.0;ruka_se_zbozim;03_28_15_31_45_363.bin
8849.5;354.3863003253937;11706.958641763777;959.5;116.4990302324295;1160.9900047973279;0;3.4028235E38;0.0;0.0;0.0;3.4028235E38;0.0;0.0;0.0;ruka_se_zbozim;03_28_15_31_45_398.bin
8344.5;339.6394045352936;10899.226858815411;915.5;113.12625432014465;1099.5122870891937;0;3.4028235E38;0.0;0.0;0.0;3.4028235E38;0.0;0.0;0.0;ruka_se_zbozim;03_28_15_31_45_434.bin
7911.5;328.43245577812195;10246.0;960.0;116.94979858398438;1139.5009670726722;0;3.4028235E38;0.0;0.0;0.0;3.4028235E38;0.0;0.0;0.0;ruka_se_zbozim;03_28_15_31_45_479.bin
7432.5;317.8304092884064;9494.0;938.0;114.11373114585876;1138.7807053993456;0;3.4028235E38;0.0;0.0;0.0;3.4028235E38;0.0;0.0;0.0;ruka_se_zbozim;03_28_15_31_45_516.bin
6928.0;306.92487823963165;8649.0;981.0;118.0931966304779;1173.6154581985902;0;3.4028235E38;0.0;0.0;0.0;3.4028235E38;0.0;0.0;0.0;ruka_se_zbozim;03_28_15_31_45_557.bin
6382.5;296.0083796977997;8084.0;930.5;113.7018746137619;1116.0000686645508;0;3.4028235E38;0.0;0.0;0.0;3.4028235E38;0.0;0.0;0.0;ruka_se_zbozim;03_28_15_31_45_585.bin
9169.0;359.4989387989044;12135.297158951289;961.5;117.28535747528076;1110.4876230458322;0;3.4028235E38;0.0;0.0;0.0;3.4028235E38;0.0;0.0;0.0;ruka_se_zbozim;03_28_15_31_48_625.bin
9675.5;373.6669669151306;12784.437384129502;963.0;117.14019083976746;1131.2314095841866;0;3.4028235E38;0.0;0.0;0.0;3.4028235E38;0.0;0.0;0.0;ruka_se_zbozim;03_28_15_31_48_693.bin
10202.0;387.74875235557556;13509.537709314376;968.5;117.71866989135742;1114.2439880430466;0;3.4028235E38;0.0;0.0;0.0;3.4028235E38;0.0;0.0;0.0;ruka_se_zbozim;03_28_15_31_48_753.bin
10760.5;403.0000749826431;14328.105384770315;933.5;115.7564469575882;1094.399716186541;0;3.4028235E38;0.0;0.0;0.0;3.4028235E38;0.0;0.0;0.0;ruka_se_zbozim;03_28_15_31_48_808.bin
10999.0;409.30720591545105;14590.498036250472;957.0;116.73419106006622;1120.2009385814454;0;3.4028235E38;0.0;0.0;0.0;3.4028235E38;0.0;0.0;0.0;ruka_se_zbozim;03_28_15_31_48_869.bin
11654.0;425.29520654678345;15352.689513299614;949.0;116.64340281486511;1114.6154627100623;0;3.4028235E38;0.0;0.0;0.0;3.4028235E38;0.0;0.0;0.0;ruka_se_zbozim;03_28_15_31_48_931.bin
12136.5;438.3693256378174;15952.986264520558;949.5;116.17105054855347;1117.9868311803439;0;3.4028235E38;0.0;0.0;0.0;3.4028235E38;0.0;0.0;0.0;ruka_se_zbozim;03_28_15_31_48_983.bin
20238.0;579.2360670566559;29153.58007098618;2049.5;194.36823785305023;3113.1994069442153;0;3.4028235E38;0.0;0.0;0.0;3.4028235E38;0.0;0.0;0.0;ruka_se_zbozim;03_28_15_31_54_212.bin
19110.5;557.4387242794037;27578.023342349567;1979.5;193.9470692873001;3024.0000009643845;0;3.4028235E38;0.0;0.0;0.0;3.4028235E38;0.0;0.0;0.0;ruka_se_zbozim;03_28_15_31_54_237.bin
17925.5;534.3193414211273;25839.72938432009;1989.5;190.85107243061066;2941.487166313338;0;3.4028235E38;0.0;0.0;0.0;3.4028235E38;0.0;0.0;0.0;ruka_se_zbozim;03_28_15_31_54_263.bin
15799.5;495.7956312894821;22785.0;1861.0;187.15627694129944;2783.0000340228435;0;3.4028235E38;0.0;0.0;0.0;3.4028235E38;0.0;0.0;0.0;ruka_se_zbozim;03_28_15_31_54_349.bin
13700.5;459.87477481365204;19278.0;1671.0;179.35282397270203;2501.895447409188;0;3.4028235E38;0.0;0.0;0.0;3.4028235E38;0.0;0.0;0.0;ruka_se_zbozim;03_28_15_31_54_411.bin
19447.5;553.35184943676;25207.67942020623;6169.5;308.17488074302673;7894.000880206004;0;3.4028235E38;0.0;0.0;0.0;3.4028235E38;0.0;0.0;0.0;ruka_se_zbozim;03_28_15_31_57_524.bin
23064.0;601.4319101572037;27859.989654541947;1861.5;175.96766591072083;2682.8308507446927;1;30.071068;30.071068;30.071068;30.071068;13.5;13.5;13.5;13.5;ruka_se_zbozim;03_28_15_31_59_777.bin
23393.0;598.0592656135559;28141.284988764673;7498.5;335.77195167541504;10043.0;2;53.55635;108.941124;162.49747;81.24873;11.0;17.0;28.0;14.0;ruka_se_zbozim;03_28_15_31_59_798.bin
23974.0;606.8228740692139;28542.844325388316;10344.5;392.3664811849594;14040.0;3;27.071068;128.91168;242.50967;80.836555;8.0;26.5;44.0;14.666667;ruka_se_zbozim;03_28_15_31_59_849.bin
24629.0;622.4479756355286;28876.953552074963;13157.0;447.7533758878708;17203.623103721184;3;20.485281;184.88225;350.10767;116.70255;16.0;36.0;75.0;25.0;ruka_se_zbozim;03_28_15_31_59_884.bin
23530.0;612.6759445667267;27311.13548334688;14819.5;476.7572201490402;18026.61743188463;4;28.071068;239.39697;625.01935;156.25484;31.5;79.0;217.5;54.375;ruka_se_zbozim;03_28_15_31_59_916.bin
16887.0;516.0121031999588;24067.91377571132;10129.0;384.77775955200195;12812.930311883334;6;23.899494;62.84062;256.1493;42.691547;4.5;11.5;50.0;8.333333;ruka_se_zbozim;03_28_15_32_04_380.bin
9858.5;411.67319989204407;15290.0;6025.5;311.4767737388611;8667.818086852203;3;30.142136;95.59798;176.85281;58.95094;7.0;31.5;50.0;16.666666;ruka_se_zbozim;03_28_15_32_04_437.bin
17426.0;544.6126835346222;22636.96082126815;13007.0;482.52658474445343;17695.06613679789;4;35.55635;211.94113;460.95334;115.238335;4.0;155.5;282.5;70.625;ruka_se_zbozim;03_28_15_32_07_924.bin
16680.5;536.5672477483749;23535.17489322927;11465.0;453.9243370294571;17068.029798817588;2;80.55635;283.56854;364.12488;182.06244;33.5;77.0;110.5;55.25;ruka_se_zbozim;03_28_15_32_07_985.bin
11226.0;474.3485531806946;15522.0;5599.5;347.6834069490433;7853.905060577556;2;20.242641;296.66904;316.91168;158.45584;1.5;225.5;227.0;113.5;ruka_se_zbozim;03_28_15_32_11_211.bin
10285.5;484.2663402557373;13930.0;2414.5;270.34761905670166;3983.4948293222697;2;33.071068;136.2132;169.28427;84.642136;12.5;81.5;94.0;47.0;ruka_se_zbozim;03_28_15_32_11_259.bin
10186.0;478.6115700006485;13134.0;1969.5;234.66401886940002;2904.8687168320175;2;41.656853;109.313705;150.97055;75.485275;6.5;62.5;69.0;34.5;ruka_se_zbozim;03_28_15_32_11_310.bin
22507.5;584.0517153739929;26467.0;10595.0;398.26009607315063;14317.0;3;20.656855;160.2132;313.56854;104.52285;0.0;110.5;133.0;44.333332;ruka_se_zbozim;03_28_15_32_16_400.bin
22183.5;578.129997253418;26467.0;9209.5;368.5260338783264;12750.0;3;24.656855;129.2132;253.08325;84.361084;10.0;33.0;60.5;20.166666;ruka_se_zbozim;03_28_15_32_16_421.bin
22151.5;577.4739335775375;26467.0;7945.0;342.690092921257;11200.0;3;26.071068;99.55635;197.18378;65.72793;3.5;44.0;67.5;22.5;ruka_se_zbozim;03_28_15_32_16_445.bin
43584.5;850.1245838403702;56118.0;23626.5;647.461465716362;35059.117504740134;3;37.31371;275.31372;511.56857;170.52286;34.5;297.0;421.5;140.5;ruka_se_zbozim;03_28_15_32_20_965.bin
42721.0;830.4450379610062;55220.46636723541;23265.5;636.0642547607422;34504.58881727932;3;29.313707;326.66904;558.9239;186.30797;22.0;205.5;314.5;104.833336;ruka_se_zbozim;03_28_15_32_20_993.bin
41081.0;811.8051800727844;53456.23656894732;22310.5;623.3140580654144;33323.6619578863;3;24.485281;316.18378;544.196;181.39867;13.5;176.5;249.5;83.166664;ruka_se_zbozim;03_28_15_32_21_055.bin
38927.5;792.4938950538635;49959.0;21011.5;602.4098720550537;30922.689820913365;3;22.485281;317.91168;543.6813;181.2271;13.5;115.0;208.5;69.5;ruka_se_zbozim;03_28_15_32_21_084.bin
26208.5;650.5177339315414;30258.0;7192.5;337.18962848186493;8550.410793737392;4;75.28427;446.29648;748.7351;187.18378;24.0;146.5;286.5;71.625;ruka_se_zbozim;03_28_15_32_24_585.bin
27265.5;659.5693813562393;31734.0;7521.0;346.76227045059204;9268.999243207101;3;137.01219;457.5391;764.22034;254.74011;64.5;210.5;354.5;118.166664;ruka_se_zbozim;03_28_15_32_24_637.bin
28564.5;674.0783766508102;33480.0;5773.0;337.4226701259613;9578.992866984336;4;37.899494;464.9533;796.6345;199.15863;25.0;291.5;648.0;162.0;ruka_se_zbozim;03_28_15_32_24_702.bin
38335.0;784.6463884115219;47816.0;12070.0;472.7316483259201;19417.93245464936;3;122.42641;487.02438;838.0193;279.33975;61.5;228.0;382.5;127.5;ruka_se_zbozim;03_28_15_32_24_912.bin
10555.0;408.8609194755554;12789.0;29.0;23.356562733650208;48.00000406963272;0;3.4028235E38;0.0;0.0;0.0;3.4028235E38;0.0;0.0;0.0;ruka_se_zbozim;03_28_15_32_30_639.bin
8870.0;360.92972469329834;10701.0;25.0;22.032759189605713;40.0;0;3.4028235E38;0.0;0.0;0.0;3.4028235E38;0.0;0.0;0.0;ruka_se_zbozim;03_28_15_32_30_674.bin
7982.5;337.65235567092896;9657.0;23.0;20.197723984718323;35.0;0;3.4028235E38;0.0;0.0;0.0;3.4028235E38;0.0;0.0;0.0;ruka_se_zbozim;03_28_15_32_30_729.bin
7216.5;319.19864189624786;8613.0;24.0;21.3731826543808;42.0;0;3.4028235E38;0.0;0.0;0.0;3.4028235E38;0.0;0.0;0.0;ruka_se_zbozim;03_28_15_32_30_758.bin
9014.5;350.566442489624;11413.0;1072.5;122.537437915802;1343.276393160253;1;29.142136;29.142136;29.142136;29.142136;6.0;6.0;6.0;6.0;ruka_se_zbozim;03_28_15_32_35_077.bin
9425.0;360.816957116127;12138.0;1061.0;122.98117554187775;1317.7805918297963;0;3.4028235E38;0.0;0.0;0.0;3.4028235E38;0.0;0.0;0.0;ruka_se_zbozim;03_28_15_32_35_099.bin
9755.5;370.31794714927673;12625.0;1072.0;124.24688696861267;1315.6596043524478;1;24.31371;24.31371;24.31371;24.31371;0.0;0.0;0.0;0.0;ruka_se_zbozim;03_28_15_32_35_124.bin
10233.5;382.30090403556824;13459.910999492859;1080.0;122.79033815860748;1363.9708626331412;0;3.4028235E38;0.0;0.0;0.0;3.4028235E38;0.0;0.0;0.0;ruka_se_zbozim;03_28_15_32_35_166.bin
10618.0;392.89826691150665;14068.607716644416;1090.0;124.65406405925751;1362.3065050035657;0;3.4028235E38;0.0;0.0;0.0;3.4028235E38;0.0;0.0;0.0;ruka_se_zbozim;03_28_15_32_35_208.bin
11050.0;404.85716009140015;14443.0;1057.5;122.4643189907074;1309.5003058252623;0;3.4028235E38;0.0;0.0;0.0;3.4028235E38;0.0;0.0;0.0;ruka_se_zbozim;03_28_15_32_35_266.bin
13385.0;482.9302773475647;16045.80184902763;953.0;118.22434544563293;1242.4314518016763;1;60.970562;60.970562;60.970562;60.970562;21.5;21.5;21.5;21.5;ruka_se_zbozim;03_28_15_32_41_020.bin
13185.0;476.43382012844086;15738.0;979.0;119.90828895568848;1291.999852839508;2;37.213203;54.970562;92.18376;46.09188;5.0;25.5;30.5;15.25;ruka_se_zbozim;03_28_15_32_41_056.bin
12965.0;468.6393735408783;15486.0;525.5;159.78242003917694;935.999668121367;2;24.556349;48.970562;73.52691;36.763454;2.5;35.5;38.0;19.0;ruka_se_zbozim;03_28_15_32_41_112.bin
12643.5;460.83747363090515;14878.0;903.0;114.39424586296082;1182.1621028650407;1;67.870056;67.870056;67.870056;67.870056;12.5;12.5;12.5;12.5;ruka_se_zbozim;03_28_15_32_41_177.bin
12201.0;447.3210699558258;14441.994812012184;481.5;150.02011477947235;850.034511503065;1;29.242641;29.242641;29.242641;29.242641;8.5;8.5;8.5;8.5;ruka_se_zbozim;03_28_15_32_41_200.bin
12057.5;442.60379207134247;14432.0;472.5;144.35905635356903;812.6489743309285;1;69.2132;69.2132;69.2132;69.2132;43.0;43.0;43.0;43.0;ruka_se_zbozim;03_28_15_32_41_217.bin
11810.5;435.8653635978699;14168.0;443.0;141.99020528793335;751.6143417684507;1;57.79899;57.79899;57.79899;57.79899;9.5;9.5;9.5;9.5;ruka_se_zbozim;03_28_15_32_41_258.bin
11655.0;430.08376145362854;14062.0;447.0;140.98604202270508;757.1845258341345;2;35.384777;38.31371;73.69849;36.849243;2.0;3.5;5.5;2.75;ruka_se_zbozim;03_28_15_32_41_283.bin
11340.0;423.26558470726013;13706.0;355.5;130.1932463645935;616.7530360625678;1;91.1127;91.1127;91.1127;91.1127;20.0;20.0;20.0;20.0;ruka_se_zbozim;03_28_15_32_41_339.bin
11188.0;418.89342308044434;13706.0;332.5;124.90669047832489;565.118002538471;1;76.1127;76.1127;76.1127;76.1127;44.0;44.0;44.0;44.0;ruka_se_zbozim;03_28_15_32_41_378.bin
10989.0;413.1319385766983;13679.994934082497;298.5;120.89530575275421;486.2306891886983;1;41.384777;41.384777;41.384777;41.384777;4.5;4.5;4.5;4.5;ruka_se_zbozim;03_28_15_32_41_400.bin
10691.0;405.48280799388885;13650.0;1150.0;132.7511886358261;1577.847114920325;1;25.31371;25.31371;25.31371;25.31371;2.0;2.0;2.0;2.0;ruka_se_zbozim;03_28_15_32_41_442.bin
10524.5;399.59421944618225;13286.0;1281.0;136.25955379009247;1649.699587372481;1;37.899494;37.899494;37.899494;37.899494;13.0;13.0;13.0;13.0;ruka_se_zbozim;03_28_15_32_41_502.bin
10083.0;388.75005197525024;13206.0;1453.5;144.50170862674713;1748.8377534425817;1;57.142136;57.142136;57.142136;57.142136;23.0;23.0;23.0;23.0;ruka_se_zbozim;03_28_15_32_41_520.bin
9741.0;380.82159543037415;12927.0;1366.0;138.5650086402893;1579.1998201587412;1;41.142136;41.142136;41.142136;41.142136;16.0;16.0;16.0;16.0;ruka_se_zbozim;03_28_15_32_41_557.bin
13667.0;506.6858263015747;18391.676194167696;165.0;102.48669743537903;242.15726223752426;0;3.4028235E38;0.0;0.0;0.0;3.4028235E38;0.0;0.0;0.0;ruka_se_zbozim;03_28_15_32_53_795.bin
13297.0;498.0044243335724;18073.49015690852;124.5;91.51685702800751;172.73054730642252;0;3.4028235E38;0.0;0.0;0.0;3.4028235E38;0.0;0.0;0.0;ruka_se_zbozim;03_28_15_32_53_855.bin
12848.5;487.5309979915619;17655.523724503815;372.5;87.9390641450882;500.2727590509312;0;3.4028235E38;0.0;0.0;0.0;3.4028235E38;0.0;0.0;0.0;ruka_se_zbozim;03_28_15_32_53_888.bin
10983.0;411.78430247306824;13726.01024018228;763.5;114.15129745006561;1144.4617098122762;0;3.4028235E38;0.0;0.0;0.0;3.4028235E38;0.0;0.0;0.0;ruka_se_zbozim;03_28_15_32_57_784.bin
11476.0;427.80929124355316;14312.865836560959;645.0;104.9045547246933;980.2969548758701;0;3.4028235E38;0.0;0.0;0.0;3.4028235E38;0.0;0.0;0.0;ruka_se_zbozim;03_28_15_32_57_837.bin
11813.0;437.28956055641174;14587.648435809067;683.0;107.99334001541138;1047.600003381107;0;3.4028235E38;0.0;0.0;0.0;3.4028235E38;0.0;0.0;0.0;ruka_se_zbozim;03_28_15_32_57_887.bin
12433.5;454.59770715236664;15230.083308359724;648.5;107.07093787193298;974.9999995017133;0;3.4028235E38;0.0;0.0;0.0;3.4028235E38;0.0;0.0;0.0;ruka_se_zbozim;03_28_15_32_57_943.bin
11175.0;464.2643188238144;16564.6595063695;3409.0;277.08815574645996;6052.64177591441;1;35.213203;35.213203;35.213203;35.213203;9.0;9.0;9.0;9.0;ruka_se_zbozim;03_28_15_33_05_933.bin
12405.5;486.6527751684189;16967.818199334666;4400.0;292.92770779132843;6523.409996196162;1;66.35534;66.35534;66.35534;66.35534;7.5;7.5;7.5;7.5;ruka_se_zbozim;03_28_15_33_05_964.bin
11821.5;483.2883288860321;16959.89235435694;3619.0;278.42232751846313;5909.9996337890625;1;21.313707;21.313707;21.313707;21.313707;2.0;2.0;2.0;2.0;ruka_se_zbozim;03_28_15_33_05_998.bin
14707.0;489.10835349559784;17568.0;212.0;76.09838426113129;289.1537878019735;0;3.4028235E38;0.0;0.0;0.0;3.4028235E38;0.0;0.0;0.0;ruka_se_zbozim;03_28_15_33_11_267.bin
14351.0;478.29464399814606;17363.0;263.5;94.09793996810913;364.40079045093444;0;3.4028235E38;0.0;0.0;0.0;3.4028235E38;0.0;0.0;0.0;ruka_se_zbozim;03_28_15_33_11_320.bin
13734.5;465.21939039230347;16856.0;218.5;87.28801107406616;308.10530912160357;0;3.4028235E38;0.0;0.0;0.0;3.4028235E38;0.0;0.0;0.0;ruka_se_zbozim;03_28_15_33_11_356.bin
13313.5;454.352516412735;16533.0;121.0;64.26331949234009;188.40570252304133;0;3.4028235E38;0.0;0.0;0.0;3.4028235E38;0.0;0.0;0.0;ruka_se_zbozim;03_28_15_33_11_386.bin
13322.5;449.5503776073456;16160.0;480.0;107.01585853099823;651.8093182140365;0;3.4028235E38;0.0;0.0;0.0;3.4028235E38;0.0;0.0;0.0;ruka_se_zbozim;03_28_15_33_11_431.bin
12836.5;436.449590921402;15453.0;502.5;105.93282759189606;688.3783872841195;0;3.4028235E38;0.0;0.0;0.0;3.4028235E38;0.0;0.0;0.0;ruka_se_zbozim;03_28_15_33_11_463.bin
12204.5;445.18613827228546;14176.6194512418;3249.0;217.12896823883057;4424.9133716209035;1;30.384775;30.384775;30.384775;30.384775;7.0;7.0;7.0;7.0;ruka_se_zbozim;03_28_15_33_16_166.bin
12448.5;452.6296730041504;14767.556240022182;3205.0;215.4928240776062;4462.2777273225365;1;34.970562;34.970562;34.970562;34.970562;6.5;6.5;6.5;6.5;ruka_se_zbozim;03_28_15_33_16_209.bin
13068.0;472.10946130752563;15440.118577149697;3106.5;212.25186145305634;4255.294231699139;1;38.79899;38.79899;38.79899;38.79899;6.0;6.0;6.0;6.0;ruka_se_zbozim;03_28_15_33_16_265.bin
12262.5;413.9271173477173;15572.479789948091;2897.0;208.21114003658295;3830.140671634872;1;34.899494;34.899494;34.899494;34.899494;30.5;30.5;30.5;30.5;ruka_se_zbozim;03_28_15_33_26_112.bin
9991.5;369.5686128139496;12190.0;2847.0;205.2525154352188;3836.537745682872;1;46.455845;46.455845;46.455845;46.455845;12.0;12.0;12.0;12.0;ruka_se_zbozim;03_28_15_33_26_179.bin
16131.0;492.35005927085876;20650.0;3694.5;230.1633769273758;5166.0;1;153.35533;153.35533;153.35533;153.35533;123.0;123.0;123.0;123.0;ruka_se_zbozim;03_28_15_33_28_883.bin
31981.5;676.0053931474686;35621.0;20804.5;557.3820199966431;24194.867462851107;6;39.31371;215.48528;557.6813;92.94688;4.0;183.0;323.5;53.916668;ruka_se_zbozim;03_28_15_33_32_424.bin
17178.0;539.5965521335602;20868.0;11859.5;445.9093507528305;14785.93931593746;3;40.899494;256.52692;455.7107;151.90356;13.5;118.0;179.5;59.833332;ruka_se_zbozim;03_28_15_33_35_924.bin
18315.0;558.5113127231598;22064.0;12201.0;453.21984791755676;15577.067403354915;3;74.970566;277.18378;505.4386;168.47954;45.0;97.5;191.5;63.833332;ruka_se_zbozim;03_28_15_33_35_948.bin
19831.5;583.0618718862534;27319.421288498677;1458.5;233.57048153877258;2349.999576403352;1;23.899494;23.899494;23.899494;23.899494;7.5;7.5;7.5;7.5;ruka_se_zbozim;03_28_15_33_40_217.bin
19101.5;517.6689817905426;25085.0;13789.5;440.6723405122757;17587.46662261407;4;28.384775;218.05382;456.90662;114.226654;4.5;277.0;336.0;84.0;ruka_se_zbozim;03_28_15_33_42_620.bin
14275.5;441.5484082698822;17280.0;2502.0;187.7489413022995;3015.703318951477;2;56.55635;71.52691;128.08325;64.041626;15.5;47.5;63.0;31.5;ruka_se_zbozim;03_28_15_33_44_895.bin
35529.0;746.2622666358948;45315.3355286615;9702.5;442.65656304359436;16466.715162990266;6;33.31371;139.35533;547.26196;91.21033;3.5;63.0;215.5;35.916668;ruka_se_zbozim;03_28_15_33_51_112.bin
20236.5;530.5290890932083;25544.752040848136;6858.5;335.78918302059174;8532.995252916124;0;3.4028235E38;0.0;0.0;0.0;3.4028235E38;0.0;0.0;0.0;ruka_se_zbozim;03_28_15_33_55_167.bin
27386.5;610.5765163898468;35027.94233153295;12691.5;422.8642358779907;16260.548036145978;2;107.396965;338.42136;445.81833;222.90916;15.0;178.0;193.0;96.5;ruka_se_zbozim;03_28_15_34_00_315.bin
37531.5;848.5310142040253;47516.21081390418;20303.5;585.8687198162079;24326.795908233733;2;117.45584;189.25484;306.7107;153.35535;31.5;47.0;78.5;39.25;ruka_se_zbozim;03_28_15_34_06_537.bin
26430.0;638.99149954319;34781.28254570067;7598.0;418.2537033557892;12521.047381053213;2;28.899494;71.79899;100.69849;50.349243;4.5;28.5;33.0;16.5;ruka_se_zbozim;03_28_15_34_09_847.bin
7428.5;322.9032576084137;8787.0;1061.0;122.74771118164062;1381.5472610873258;1;40.142136;40.142136;40.142136;40.142136;35.0;35.0;35.0;35.0;ruka_se_zbozim;03_28_15_34_14_040.bin
10520.0;402.52748107910156;13460.360502084717;911.5;114.04237616062164;1173.096029054861;0;3.4028235E38;0.0;0.0;0.0;3.4028235E38;0.0;0.0;0.0;ruka_se_zbozim;03_28_15_34_19_242.bin
21702.0;563.2547283172607;27181.48962784675;5367.0;277.0323369503021;6356.000156845141;0;3.4028235E38;0.0;0.0;0.0;3.4028235E38;0.0;0.0;0.0;ruka_se_zbozim;03_28_15_34_25_029.bin
25650.5;668.3103556632996;35952.24474977609;3704.5;229.66194224357605;4532.195440371404;1;42.72792;42.72792;42.72792;42.72792;21.5;21.5;21.5;21.5;ruka_se_zbozim;03_28_15_34_40_202.bin
26590.5;613.5314483642578;34380.0;12675.5;417.3754312992096;16429.872342400136;2;45.55635;76.18376;121.74011;60.870056;14.0;16.0;30.0;15.0;ruka_se_zbozim;03_28_15_34_41_546.bin
13024.5;426.73641788959503;16302.0;3562.0;218.3999900817871;4443.999936228152;1;66.35534;66.35534;66.35534;66.35534;4.5;4.5;4.5;4.5;ruka_se_zbozim;03_28_15_34_50_494.bin
14223.0;517.4694375991821;20825.62494212226;4132.0;281.3339272737503;6317.893834602146;1;186.02438;186.02438;186.02438;186.02438;30.5;30.5;30.5;30.5;ruka_se_zbozim;03_28_15_35_01_905.bin
12115.5;475.82357454299927;18756.448370739818;4244.5;285.19091737270355;6349.36754849623;1;195.7523;195.7523;195.7523;195.7523;47.5;47.5;47.5;47.5;ruka_se_zbozim;03_28_15_35_02_017.bin
18333.5;545.944829583168;26713.757735683583;3814.0;342.89131677150726;6688.011964521138;3;23.727922;58.04163;116.91168;38.970562;5.0;15.0;25.5;8.5;ruka_se_zbozim;03_28_15_35_06_899.bin
12972.5;465.49464178085327;16642.381674146745;332.5;119.450021982193;517.3071417713509;1;70.28427;70.28427;70.28427;70.28427;14.0;14.0;14.0;14.0;ruka_se_zbozim;03_28_15_35_13_075.bin
12311.5;448.7078263759613;16022.943871673197;1048.0;122.81167984008789;1294.0541679700837;1;43.72792;43.72792;43.72792;43.72792;10.5;10.5;10.5;10.5;ruka_se_zbozim;03_28_15_35_13_111.bin
11651.0;433.06873965263367;15680.56565067172;1086.5;126.72370183467865;1381.799576140147;1;21.071068;21.071068;21.071068;21.071068;2.0;2.0;2.0;2.0;ruka_se_zbozim;03_28_15_35_13_158.bin
14225.0;454.08196914196014;18299.076456159353;3699.5;222.91185975074768;4852.954877577722;1;156.91168;156.91168;156.91168;156.91168;113.0;113.0;113.0;113.0;ruka_se_zbozim;03_28_15_35_18_953.bin
18940.0;529.6134462356567;23552.0;9566.5;374.5245860815048;11772.440048903809;2;131.4264;245.19595;376.62238;188.31119;24.0;64.0;88.0;44.0;ruka_se_zbozim;03_28_15_35_23_731.bin
23439.0;601.3406157493591;27462.0;12456.0;425.38919818401337;15933.0;2;164.94113;182.04163;346.98276;173.49138;65.5;96.0;161.5;80.75;ruka_se_zbozim;03_28_15_35_26_327.bin
25296.0;624.999271273613;31180.825864339247;8274.0;361.2628108263016;10619.928190821083;2;29.485281;73.870056;103.35534;51.67767;14.0;31.5;45.5;22.75;ruka_se_zbozim;03_28_15_44_46_611.bin
21415.0;572.9580307006836;26194.305272236932;10820.0;397.3886111974716;12603.19226963236;4;20.485281;141.49747;281.23758;70.309395;11.5;42.0;90.5;22.625;ruka_se_zbozim;03_28_15_44_46_761.bin
20924.0;569.9776173830032;25624.394815252163;10093.5;387.1677231788635;12174.93314904091;2;159.3259;192.46803;351.79395;175.89697;64.5;67.0;131.5;65.75;ruka_se_zbozim;03_28_15_44_48_566.bin
22964.5;597.5208743810654;27810.13713179645;10188.5;390.6981716156006;12388.503908776445;2;121.59798;247.85281;369.4508;184.7254;20.0;33.0;53.0;26.5;ruka_se_zbozim;03_28_15_44_49_001.bin
17205.5;520.1047449111938;21941.76631495147;2696.0;189.2944405078888;3303.538546640775;2;25.79899;35.142136;60.941124;30.470562;4.5;6.0;10.5;5.25;ruka_se_zbozim;03_28_15_44_51_294.bin
13761.0;443.52246141433716;17159.994262695778;2620.5;186.26111888885498;3208.460753568972;2;22.313707;40.79899;63.112694;31.556347;3.0;11.0;14.0;7.0;ruka_se_zbozim;03_28_15_44_51_322.bin
8704.0;352.11045575141907;10368.0;2568.5;183.80043578147888;3136.56839471031;1;57.112698;57.112698;57.112698;57.112698;4.0;4.0;4.0;4.0;ruka_se_zbozim;03_28_15_44_51_438.bin
12888.5;431.53171050548553;15599.994537353981;8033.5;338.98249411582947;10250.0;2;41.870056;205.81119;247.68124;123.84062;5.5;101.5;107.0;53.5;ruka_se_zbozim;03_28_15_44_53_469.bin
14334.0;481.3487150669098;16192.0;6616.5;320.2903071641922;8470.0;4;22.071068;153.56854;225.85281;56.463203;3.5;37.5;78.0;19.5;ruka_se_zbozim;03_28_15_44_53_480.bin
17339.0;494.4805030822754;22621.82306906779;4991.0;260.97708010673523;6169.655397157767;1;213.7523;213.7523;213.7523;213.7523;98.5;98.5;98.5;98.5;ruka_se_zbozim;03_28_15_44_56_641.bin
15899.5;466.6207537651062;20305.0;4833.0;256.3663455247879;6008.822965916537;2;68.38477;134.6396;203.02438;101.51219;22.0;34.5;56.5;28.25;ruka_se_zbozim;03_28_15_44_56_679.bin
15615.5;469.1618776321411;18923.0;8175.5;339.01181054115295;9986.633360613487;3;32.55635;135.91168;228.99495;76.33165;5.5;39.0;54.5;18.166666;ruka_se_zbozim;03_28_15_44_58_429.bin
18501.5;506.11014127731323;23368.026114653796;8500.5;342.48465633392334;10929.077422047965;2;85.2132;142.53911;227.75232;113.87616;46.0;84.5;130.5;65.25;ruka_se_zbozim;03_28_15_44_58_514.bin
20873.0;566.2074646949768;25472.0;4301.5;259.6536064147949;5046.0;2;58.31371;59.485283;117.798996;58.899498;0.0;11.0;11.0;5.5;ruka_se_zbozim;03_28_15_45_01_759.bin
19902.0;547.509262919426;24704.0;6705.5;315.9330644607544;8304.790910593874;1;357.26703;357.26703;357.26703;357.26703;112.5;112.5;112.5;112.5;ruka_se_zbozim;03_28_15_45_01_863.bin
11853.0;436.5323849916458;15625.0;5780.5;294.54614293575287;7236.449384392705;1;340.02438;340.02438;340.02438;340.02438;130.0;130.0;130.0;130.0;ruka_se_zbozim;03_28_15_45_02_095.bin
12882.5;471.2714945077896;15190.0;8573.0;382.5661509037018;10564.0;2;113.62742;153.2132;266.8406;133.4203;41.5;75.0;116.5;58.25;ruka_se_zbozim;03_28_15_45_05_092.bin
24212.5;599.0668714046478;30049.0;3700.5;226.37184500694275;4484.839797178254;0;3.4028235E38;0.0;0.0;0.0;3.4028235E38;0.0;0.0;0.0;ruka_se_zbozim;03_28_15_45_08_778.bin
14438.5;437.5411009788513;17653.0;2857.0;200.63016664981842;3854.3741157714976;1;85.01219;85.01219;85.01219;85.01219;9.0;9.0;9.0;9.0;ruka_se_zbozim;03_28_15_45_08_911.bin
10241.5;384.66330349445343;12964.095551718492;1398.5;146.9938782453537;2024.6037368005636;1;26.899494;26.899494;26.899494;26.899494;7.5;7.5;7.5;7.5;ruka_se_zbozim;03_28_15_45_10_546.bin
13678.5;478.57574343681335;17309.044357498176;1166.0;128.91014432907104;1584.1310244995693;1;50.213203;50.213203;50.213203;50.213203;61.5;61.5;61.5;61.5;ruka_se_zbozim;03_28_15_45_10_645.bin
15097.0;509.95553708076477;19008.0;332.5;145.82808089256287;557.9394966242617;1;43.04163;43.04163;43.04163;43.04163;4.5;4.5;4.5;4.5;ruka_se_zbozim;03_28_15_45_13_552.bin
8039.5;329.6888835430145;9996.0;948.0;115.43459212779999;1177.5405368649663;0;3.4028235E38;0.0;0.0;0.0;3.4028235E38;0.0;0.0;0.0;ruka_se_zbozim;03_28_15_45_14_013.bin
7370.5;318.11709916591644;9166.997070312733;906.5;114.73978698253632;1232.399914296111;1;25.071068;25.071068;25.071068;25.071068;1.5;1.5;1.5;1.5;ruka_se_zbozim;03_28_15_45_17_794.bin
13799.0;475.6424413919449;17760.0;786.5;106.94154930114746;1013.9999909643666;1;21.071068;21.071068;21.071068;21.071068;9.0;9.0;9.0;9.0;ruka_se_zbozim;03_28_15_45_18_197.bin
8090.5;332.93338680267334;9297.78743606829;2099.5;167.73420190811157;2697.999694894097;1;74.18376;74.18376;74.18376;74.18376;16.5;16.5;16.5;16.5;ruka_se_zbozim;03_28_15_45_22_075.bin
12586.0;441.07520389556885;15840.0;5217.5;287.1492929458618;7303.997390747303;2;114.42641;119.3259;233.7523;116.87615;33.0;41.5;74.5;37.25;ruka_se_zbozim;03_28_15_45_24_387.bin
23820.5;587.2463021278381;32404.878349557985;7217.5;318.6433165073395;8723.506848019024;3;33.72792;177.95332;288.10767;96.03589;3.5;33.5;58.0;19.333334;ruka_se_zbozim;03_28_15_45_24_741.bin
20440.0;594.848197221756;25211.880623921752;3413.5;265.4578413963318;6500.700031946646;2;37.62742;43.72792;81.35534;40.67767;1.0;8.5;9.5;4.75;ruka_se_zbozim;03_28_15_45_27_937.bin
11048.0;429.0453088283539;14892.253563333303;4402.0;260.6475350856781;6162.900436140248;3;25.556349;153.61017;310.04877;103.34959;3.0;37.0;68.5;22.833334;ruka_se_zbozim;03_28_15_45_28_188.bin
10259.5;412.808806180954;13238.91431083437;5063.0;271.9865584373474;6225.79939017212;3;29.31371;163.36752;259.1371;86.37903;0.0;42.0;59.0;19.666666;ruka_se_zbozim;03_28_15_45_31_055.bin
20687.5;588.1661829948425;26436.569474076736;5345.0;302.68647587299347;7911.804653981817;1;53.72792;53.72792;53.72792;53.72792;20.5;20.5;20.5;20.5;ruka_se_zbozim;03_28_15_45_31_269.bin
25680.0;598.3944219350815;32313.625659898855;14580.0;503.85517978668213;17806.881129043177;4;22.071068;152.71068;350.70563;87.67641;7.5;35.0;83.5;20.875;ruka_se_zbozim;03_28_15_45_34_996.bin
19697.0;521.7229734659195;24838.684917297214;11135.5;433.36794114112854;13378.914853951428;3;33.142136;237.42136;339.7767;113.2589;4.0;40.5;58.5;19.5;ruka_se_zbozim;03_28_15_45_35_039.bin
13924.0;519.228039264679;21624.0;5916.5;373.90328073501587;8889.82650142163;3;25.727922;326.43353;389.85995;129.95332;6.5;60.0;73.5;24.5;ruka_se_zbozim;03_28_15_45_37_576.bin
38923.5;758.218768954277;55013.358584863134;22566.5;629.188688993454;33170.06026911177;7;24.727922;181.81119;631.45795;90.208275;2.5;110.5;247.0;35.285713;ruka_se_zbozim;03_28_15_45_37_891.bin
42928.0;789.3511344194412;57312.0;20201.5;574.678484916687;28845.998766926583;5;30.384775;190.74011;501.11984;100.22397;0.0;135.0;192.5;38.5;ruka_se_zbozim;03_28_15_45_37_935.bin
15977.0;497.03555607795715;19631.620989465155;2508.0;192.7843519449234;3480.852727488964;1;57.31371;57.31371;57.31371;57.31371;28.5;28.5;28.5;28.5;ruka_se_zbozim;03_28_15_45_42_074.bin
9801.5;378.14558506011963;12084.0;2923.5;213.7579072713852;4080.0;1;60.213203;60.213203;60.213203;60.213203;4.5;4.5;4.5;4.5;ruka_se_zbozim;03_28_15_45_44_300.bin
48120.5;1004.5790491104126;77628.34846609179;23953.5;726.2423303127289;41155.70173972286;3;35.414215;84.45584;203.08325;67.69442;24.5;42.0;92.0;30.666666;ruka_se_zbozim;03_28_15_45_48_070.bin
31966.0;788.0043075084686;38913.29617733415;18673.0;562.7100764513016;21670.89843649976;2;136.52692;205.49747;342.02438;171.01219;68.0;75.0;143.0;71.5;ruka_se_zbozim;03_28_15_45_48_154.bin
18729.0;580.1109849214554;20384.0;4866.5;272.85046899318695;5304.799830176169;0;3.4028235E38;0.0;0.0;0.0;3.4028235E38;0.0;0.0;0.0;ruka_se_zbozim;03_28_15_45_51_813.bin
45008.5;848.1213716268539;56516.0;12918.5;507.6852685213089;21567.070354521275;1;59.899494;59.899494;59.899494;59.899494;74.0;74.0;74.0;74.0;ruka_se_zbozim;03_28_15_45_52_754.bin
14150.5;497.3119206428528;17711.999846830615;274.5;71.39607417583466;439.2000007843599;0;3.4028235E38;0.0;0.0;0.0;3.4028235E38;0.0;0.0;0.0;ruka_se_zbozim;03_28_15_45_57_905.bin
6993.5;331.5688900947571;9300.0;396.5;85.01910555362701;611.9917396850651;0;3.4028235E38;0.0;0.0;0.0;3.4028235E38;0.0;0.0;0.0;ruka_se_zbozim;03_28_15_45_58_373.bin
8135.0;354.5078148841858;10589.600362576777;648.5;111.53159880638123;1066.0000700942473;0;3.4028235E38;0.0;0.0;0.0;3.4028235E38;0.0;0.0;0.0;ruka_se_zbozim;03_28_15_46_02_063.bin
13852.0;488.83011615276337;17279.994323730934;563.5;100.43914866447449;836.7159062489736;0;3.4028235E38;0.0;0.0;0.0;3.4028235E38;0.0;0.0;0.0;ruka_se_zbozim;03_28_15_46_02_570.bin
15823.5;501.44398260116577;20852.123841707595;2510.5;190.77271938323975;3272.9483595405472;0;3.4028235E38;0.0;0.0;0.0;3.4028235E38;0.0;0.0;0.0;ruka_se_zbozim;03_28_15_46_06_441.bin
10197.0;373.60623610019684;12570.005457571184;1858.0;163.8999501466751;2277.158112422563;0;3.4028235E38;0.0;0.0;0.0;3.4028235E38;0.0;0.0;0.0;ruka_se_zbozim;03_28_15_46_06_632.bin
11426.0;393.7352205514908;13920.0;3188.5;213.51332187652588;4229.399695010798;0;3.4028235E38;0.0;0.0;0.0;3.4028235E38;0.0;0.0;0.0;ruka_se_zbozim;03_28_15_46_09_442.bin
30271.5;662.4310840368271;36417.0;13863.5;455.44014739990234;16694.9943695073;1;100.313705;100.313705;100.313705;100.313705;17.0;17.0;17.0;17.0;ruka_se_zbozim;03_28_15_46_13_144.bin
32658.0;689.0771324634552;36019.0;20756.0;545.4571046829224;24332.0;1;556.81116;556.81116;556.81116;556.81116;330.5;330.5;330.5;330.5;ruka_se_zbozim;03_28_15_46_13_227.bin
23230.0;599.3678184747696;27990.499445283785;12248.0;440.25778126716614;15325.252458635718;1;35.31371;35.31371;35.31371;35.31371;9.5;9.5;9.5;9.5;ruka_se_zbozim;03_28_15_46_16_846.bin
30064.0;649.6710031032562;34636.376318635885;12568.5;444.14822804927826;15994.298101022607;1;175.91168;175.91168;175.91168;175.91168;26.0;26.0;26.0;26.0;ruka_se_zbozim;03_28_15_46_16_972.bin
31527.0;669.2244603633881;36815.0;6638.0;334.7271933555603;9191.0;1;43.899494;43.899494;43.899494;43.899494;27.5;27.5;27.5;27.5;ruka_se_zbozim;03_28_15_46_17_244.bin
22280.5;585.9582675695419;27504.0;12040.0;420.56878447532654;15507.536447891034;2;109.52691;203.91168;313.4386;156.7193;91.5;116.0;207.5;103.75;ruka_se_zbozim;03_28_15_46_21_175.bin
26884.5;631.2239158153534;29651.0;11721.0;411.7941334247589;14848.0;1;51.31371;51.31371;51.31371;51.31371;14.0;14.0;14.0;14.0;ruka_se_zbozim;03_28_15_46_23_022.bin
18246.5;600.0135724544525;24028.057920823805;1786.0;169.73870706558228;2466.851939751068;0;3.4028235E38;0.0;0.0;0.0;3.4028235E38;0.0;0.0;0.0;ruka_se_zbozim;03_28_15_46_25_876.bin
7335.5;331.93683183193207;10098.0;562.0;104.70443856716156;862.3999192116316;0;3.4028235E38;0.0;0.0;0.0;3.4028235E38;0.0;0.0;0.0;ruka_se_zbozim;03_28_15_46_25_988.bin
8549.0;362.2943300008774;11468.0;1628.5;157.05402410030365;2359.014721374755;1;42.899494;42.899494;42.899494;42.899494;9.5;9.5;9.5;9.5;ruka_se_zbozim;03_28_15_46_34_115.bin
14778.5;499.5793352127075;18701.694115098682;2484.5;188.13487648963928;3304.6186170355504;1;146.66905;146.66905;146.66905;146.66905;36.5;36.5;36.5;36.5;ruka_se_zbozim;03_28_15_46_34_752.bin
13701.0;460.789755821228;17180.26379916456;3839.0;249.51673030853271;5250.242959445168;0;3.4028235E38;0.0;0.0;0.0;3.4028235E38;0.0;0.0;0.0;ruka_se_zbozim;03_28_15_46_38_453.bin
13582.5;475.5008034706116;17297.83587285853;2699.0;200.70430970191956;3455.1988494888064;1;78.28427;78.28427;78.28427;78.28427;32.0;32.0;32.0;32.0;ruka_se_zbozim;03_28_15_46_39_588.bin
14110.5;493.4323477745056;17539.95789006853;528.0;93.39815139770508;824.154664363472;0;3.4028235E38;0.0;0.0;0.0;3.4028235E38;0.0;0.0;0.0;ruka_se_zbozim;03_28_15_46_41_701.bin
8286.5;345.2284646034241;10283.0;487.5;99.42941176891327;848.9173621644004;0;3.4028235E38;0.0;0.0;0.0;3.4028235E38;0.0;0.0;0.0;ruka_se_zbozim;03_28_15_46_41_924.bin
12745.5;416.42437851428986;16129.0;2333.5;201.00166761875153;3537.531677333289;0;3.4028235E38;0.0;0.0;0.0;3.4028235E38;0.0;0.0;0.0;ruka_se_zbozim;03_28_15_46_43_941.bin
16736.5;489.7921191453934;22079.573498674203;2358.5;197.17380344867706;3288.580991861003;0;3.4028235E38;0.0;0.0;0.0;3.4028235E38;0.0;0.0;0.0;ruka_se_zbozim;03_28_15_46_44_007.bin
23044.5;642.5966078042984;31615.024642697652;2839.0;225.6453800201416;4650.0;0;3.4028235E38;0.0;0.0;0.0;3.4028235E38;0.0;0.0;0.0;ruka_se_zbozim;03_28_15_46_46_268.bin
16671.5;522.4017286300659;21941.666078093695;7915.5;353.8914600610733;9603.294564146607;0;3.4028235E38;0.0;0.0;0.0;3.4028235E38;0.0;0.0;0.0;ruka_se_zbozim;03_28_15_46_46_506.bin
22815.0;608.6788069009781;28932.216347080423;10921.5;409.8211176395416;14619.849351220764;2;55.384777;275.75232;331.1371;165.56854;7.5;94.5;102.0;51.0;ruka_se_zbozim;03_28_15_46_48_104.bin
14834.5;446.6072276830673;18824.288309894968;4116.5;237.34511709213257;5295.703156385454;2;20.485281;84.69849;105.18377;52.591885;4.0;30.5;34.5;17.25;ruka_se_zbozim;03_28_15_46_51_653.bin
20419.5;543.4643290042877;25790.300326849334;6129.5;290.1849994659424;7950.505657042842;1;217.88225;217.88225;217.88225;217.88225;74.0;74.0;74.0;74.0;ruka_se_zbozim;03_28_15_46_53_586.bin
13281.0;435.9909234046936;16375.0;4923.0;286.4542874097824;6407.70739276614;0;3.4028235E38;0.0;0.0;0.0;3.4028235E38;0.0;0.0;0.0;ruka_se_zbozim;03_28_15_46_56_748.bin
24501.5;607.7400953769684;29672.444152582437;12621.0;478.3038989305496;13899.170917331474;1;44.970562;44.970562;44.970562;44.970562;1.0;1.0;1.0;1.0;ruka_se_zbozim;03_28_15_46_58_583.bin
10624.5;403.7283489704132;13350.0;644.0;97.4601674079895;896.6896180776384;0;3.4028235E38;0.0;0.0;0.0;3.4028235E38;0.0;0.0;0.0;ruka_se_zbozim;03_28_15_47_02_345.bin
9230.0;353.5937398672104;10989.0;1054.5;124.38675653934479;1408.615364812198;2;22.31371;41.941124;64.25484;32.12742;1.0;7.5;8.5;4.25;ruka_se_zbozim;03_28_15_47_06_019.bin
6078.5;303.88550090789795;8019.6342416275875;11.5;18.019598126411438;20.000000652380095;0;3.4028235E38;0.0;0.0;0.0;3.4028235E38;0.0;0.0;0.0;ruka_se_zbozim;03_28_15_47_12_481.bin
12951.5;469.3115963935852;15978.116696612444;344.5;126.9806022644043;556.7009590876332;0;3.4028235E38;0.0;0.0;0.0;3.4028235E38;0.0;0.0;0.0;ruka_se_zbozim;03_28_15_47_15_101.bin
11638.5;421.9446361064911;14229.0;993.5;124.3245575428009;1339.4795638899086;0;3.4028235E38;0.0;0.0;0.0;3.4028235E38;0.0;0.0;0.0;ruka_se_zbozim;03_28_15_47_17_731.bin
11895.5;426.84326791763306;15404.714141032775;2076.5;167.97494196891785;2587.499772096169;2;23.556349;104.84062;128.39697;64.19849;3.5;45.5;49.0;24.5;ruka_se_zbozim;03_28_15_47_21_040.bin
13970.5;495.38019013404846;17157.759002439678;431.5;139.28873300552368;642.3528263154731;0;3.4028235E38;0.0;0.0;0.0;3.4028235E38;0.0;0.0;0.0;ruka_se_zbozim;03_28_15_47_27_362.bin
8697.5;354.42062401771545;11217.400934683857;501.0;89.73257780075073;684.499929787562;0;3.4028235E38;0.0;0.0;0.0;3.4028235E38;0.0;0.0;0.0;ruka_se_zbozim;03_28_15_47_27_553.bin
15259.5;497.08296954631805;20144.58534566511;341.5;122.21120274066925;574.7022912665889;1;40.213203;40.213203;40.213203;40.213203;47.5;47.5;47.5;47.5;ruka_se_zbozim;03_28_15_47_29_653.bin
10440.0;447.722659945488;13992.774136475637;129.5;50.68320298194885;237.54003370937244;1;32.656853;32.656853;32.656853;32.656853;12.0;12.0;12.0;12.0;ruka_se_zbozim;03_28_15_47_33_868.bin
6842.0;357.6751490831375;10439.332340795896;519.0;104.15972089767456;946.0002174454276;1;89.55635;89.55635;89.55635;89.55635;30.5;30.5;30.5;30.5;ruka_se_zbozim;03_28_15_47_34_024.bin
10745.5;423.18624198436737;13282.440052856691;2520.5;209.7878268957138;3912.2774048410356;1;236.53911;236.53911;236.53911;236.53911;67.0;67.0;67.0;67.0;ruka_se_zbozim;03_28_15_47_36_039.bin
12699.0;438.0764595270157;16906.0;2650.0;194.73956871032715;3417.1205158996745;2;30.485281;116.69849;147.18376;73.59188;20.0;61.5;81.5;40.75;ruka_se_zbozim;03_28_15_47_38_696.bin
21823.5;554.6694779396057;27862.46511425078;7595.5;336.0003523826599;8547.201131283422;2;103.1127;209.36754;312.48022;156.24011;29.0;51.0;80.0;40.0;ruka_se_zbozim;03_28_15_47_40_392.bin
16529.5;514.4519978761673;20992.665069410577;6275.0;321.7328075170517;8927.252503375057;2;107.3259;227.10765;334.43353;167.21677;14.5;55.0;69.5;34.75;ruka_se_zbozim;03_28_15_47_43_421.bin
